variety_name,crop_type_en,crop_type_sw,tosci_certified,source_url,tpri_registered
H 515,maize,Mahindi,True,https://www.tosci.go.tz/seed-varieties,False
H511,maize,Mahindi,True,https://www.tosci.go.tz/seed-varieties,False
H625,maize,Mahindi,True,https://www.tosci.go.tz/seed-varieties,False
H632,maize,Mahindi,True,https://www.tosci.go.tz/seed-varieties,False
Hombolo 95,cassava,Muhogo,True,https://www.tosci.go.tz/seed-varieties,False
Kalalu,rice,Mchele/Mpunga,True,https://www.tosci.go.tz/seed-varieties,False
KIBO KALE,kale,Sukuma Wiki,True,https://www.tosci.go.tz/seed-varieties,False
Kito,maize,Mahindi,True,https://www.tosci.go.tz/seed-varieties,False
Lishe –K1,maize,Mahindi,True,https://www.tosci.go.tz/seed-varieties,False
Longe 2H,maize,Mahindi,True,https://www.tosci.go.tz/seed-varieties,False
Naliendele,cassava,Muhogo,True,https://www.tosci.go.tz/seed-varieties,False
PAN 23,maize,Mahindi,True,https://www.tosci.go.tz/seed-varieties,False
Record,sunflower,Alizeti,True,https://www.tosci.go.tz/seed-varieties,False
Uh615,maize,Mahindi,True,https://www.tosci.go.tz/seed-varieties,False
.TANWAT T.87,triticale,Triticale,True,https://www.tosci.go.tz/seed-varieties,False
G19,maize,Mahindi,True,https://www.tosci.go.tz/seed-varieties,False
8519,barley,Shayiri,True,https://www.tosci.go.tz/seed-varieties,False
9831,barley,Shayiri,True,https://www.tosci.go.tz/seed-varieties,False
AC 1,cashew,Korosho,True,https://www.tosci.go.tz/seed-varieties,False
AC 10,cashew,Korosho,True,https://www.tosci.go.tz/seed-varieties,False
AC 10/129,cashew,Korosho,True,https://www.tosci.go.tz/seed-varieties?page=2,False
AC 10/220,cashew,Korosho,True,https://www.tosci.go.tz/seed-varieties?page=2,False
AC 14,cashew,Korosho,True,https://www.tosci.go.tz/seed-varieties?page=2,False
AC 22,cashew,Korosho,True,https://www.tosci.go.tz/seed-varieties?page=2,False
AC 34,cashew,Korosho,True,https://www.tosci.go.tz/seed-varieties?page=2,False
AC 4,cashew,Korosho,True,https://www.tosci.go.tz/seed-varieties?page=2,False
AC 4/17,cashew,Korosho,True,https://www.tosci.go.tz/seed-varieties?page=2,False
AC 4/285,cashew,Korosho,True,https://www.tosci.go.tz/seed-varieties?page=2,False
AC 43,cashew,Korosho,True,https://www.tosci.go.tz/seed-varieties?page=2,False
AC004,tomato,Nyanya,True,https://www.tosci.go.tz/seed-varieties?page=2,False
AC100,pepper,Pilipili,True,https://www.tosci.go.tz/seed-varieties?page=2,False
ADAM F1,watermelon,Tikiti Maji,True,https://www.tosci.go.tz/seed-varieties?page=2,False
ADITI 308 F1,watermelon,Tikiti Maji,True,https://www.tosci.go.tz/seed-varieties?page=2,False
ADMIRAL,pepper,Pilipili,True,https://www.tosci.go.tz/seed-varieties?page=2,False
ADV 1348,cabbage,Kabichi,True,https://www.tosci.go.tz/seed-varieties?page=2,False
ADV 848,okra,Bamia,True,https://www.tosci.go.tz/seed-varieties?page=2,False
ADV12131,tomato,Nyanya,True,https://www.tosci.go.tz/seed-varieties?page=2,False
ADV1225,tomato,Nyanya,True,https://www.tosci.go.tz/seed-varieties?page=2,False
ADV1285,tomato,Nyanya,True,https://www.tosci.go.tz/seed-varieties?page=2,False
ADV2308W,maize,Mahindi,True,https://www.tosci.go.tz/seed-varieties?page=2,False
ADV2310W,maize,Mahindi,True,https://www.tosci.go.tz/seed-varieties?page=3,False
Advanta 1247,tomato,Nyanya,True,https://www.tosci.go.tz/seed-varieties?page=3,False
Advanta 1277A,tomato,Nyanya,True,https://www.tosci.go.tz/seed-varieties?page=3,False
ADVANTA 1405,watermelon,Tikiti Maji,True,https://www.tosci.go.tz/seed-varieties?page=3,False
ADVANTA 303,eggplant,Eggplant,True,https://www.tosci.go.tz/seed-varieties?page=3,False
ADVANTA 309,eggplant,Eggplant,True,https://www.tosci.go.tz/seed-varieties?page=3,False
ADVANTA 814,okra,Bamia,True,https://www.tosci.go.tz/seed-varieties?page=3,False
AFADJA,pepper,Pilipili,True,https://www.tosci.go.tz/seed-varieties?page=3,False
Africa red F1,onion,Vitunguu,True,https://www.tosci.go.tz/seed-varieties?page=3,False
African Beauty F1,eggplant,Eggplant,True,https://www.tosci.go.tz/seed-varieties?page=3,False
Agri F1,tomato,Nyanya,True,https://www.tosci.go.tz/seed-varieties?page=3,False
AGRISEED H351,maize,Mahindi,True,https://www.tosci.go.tz/seed-varieties?page=3,False
AGRISEED H352,maize,Mahindi,True,https://www.tosci.go.tz/seed-varieties?page=3,False
AGUARA 4,sunflower,Alizeti,True,https://www.tosci.go.tz/seed-varieties?page=3,False
AGUARA 6,sunflower,Alizeti,True,https://www.tosci.go.tz/seed-varieties?page=3,False
AKERI,amaranth,Amaranth,True,https://www.tosci.go.tz/seed-varieties?page=3,False
ALMASI F1,cabbage,Kabichi,True,https://www.tosci.go.tz/seed-varieties?page=3,False
ALPES RZ F1,melon,Melon,True,https://www.tosci.go.tz/seed-varieties?page=3,False
AMBASSADOR,pumpkin,Boga,True,https://www.tosci.go.tz/seed-varieties?page=3,False
AMBURANA,tomato,Nyanya,True,https://www.tosci.go.tz/seed-varieties?page=3,False
AMBURENI,african,African Nightshade,True,https://www.tosci.go.tz/seed-varieties?page=4,False
AMH500,maize,Mahindi,True,https://www.tosci.go.tz/seed-varieties?page=4,False
AMH501,maize,Mahindi,True,https://www.tosci.go.tz/seed-varieties?page=4,False
AMY,beans,Maharagwe,True,https://www.tosci.go.tz/seed-varieties?page=4,False
ANCILA,sunflower,Alizeti,True,https://www.tosci.go.tz/seed-varieties?page=4,False
ANDAMAN F1,watermelon,Tikiti Maji,True,https://www.tosci.go.tz/seed-varieties?page=4,False
ANITA F1,watermelon,Tikiti Maji,True,https://www.tosci.go.tz/seed-varieties?page=4,False
ANNA F1,tomato,Nyanya,True,https://www.tosci.go.tz/seed-varieties?page=4,False
ANSAL,tomato,Nyanya,True,https://www.tosci.go.tz/seed-varieties?page=4,False
ANTEO,tomato,Nyanya,True,https://www.tosci.go.tz/seed-varieties?page=4,False
ARASHAN.,watermelon,Tikiti Maji,True,https://www.tosci.go.tz/seed-varieties?page=4,False
ARCHEO,sunflower,Alizeti,True,https://www.tosci.go.tz/seed-varieties?page=4,False
ARIANA,tomato,Nyanya,True,https://www.tosci.go.tz/seed-varieties?page=4,False
Arize6444 Gold,rice,Mchele/Mpunga,True,https://www.tosci.go.tz/seed-varieties?page=4,False
Arizona,potato,Viazi,True,https://www.tosci.go.tz/seed-varieties?page=4,False
ARTALE,pepper,Pilipili,True,https://www.tosci.go.tz/seed-varieties?page=4,False
Arumeru,ethiopian,Ethiopian Mustard,True,https://www.tosci.go.tz/seed-varieties?page=4,False
ARUSHA RZ,lettuce,Saladi,True,https://www.tosci.go.tz/seed-varieties?page=4,False
ASALI F1,watermelon,Tikiti Maji,True,https://www.tosci.go.tz/seed-varieties?page=4,False
Asante,potato,Viazi,True,https://www.tosci.go.tz/seed-varieties?page=4,False
ASHLEY,cucumber,Tango,True,https://www.tosci.go.tz/seed-varieties?page=5,False
ASPEC1,papaya,Papai,True,https://www.tosci.go.tz/seed-varieties?page=5,False
ASPEC2,papaya,Papai,True,https://www.tosci.go.tz/seed-varieties?page=5,False
ASPEC3,papaya,Papai,True,https://www.tosci.go.tz/seed-varieties?page=5,False
ASSILA F1,tomato,Nyanya,True,https://www.tosci.go.tz/seed-varieties?page=5,False
ASTRA F1,tomato,Nyanya,True,https://www.tosci.go.tz/seed-varieties?page=5,False
Atlanta CS,carrot,Karoti,True,https://www.tosci.go.tz/seed-varieties?page=5,False
AUGUSTA,watermelon,Tikiti Maji,True,https://www.tosci.go.tz/seed-varieties?page=5,False
AURORA,callery,Callery,True,https://www.tosci.go.tz/seed-varieties?page=5,False
AVPP1342,pepper,Pilipili,True,https://www.tosci.go.tz/seed-varieties?page=5,False
AVTO 1890,tomato,Nyanya,True,https://www.tosci.go.tz/seed-varieties?page=5,False
AVTO1864,tomato,Nyanya,True,https://www.tosci.go.tz/seed-varieties?page=5,False
AZA 17,cashew,Korosho,True,https://www.tosci.go.tz/seed-varieties?page=5,False
AZA 17/156,cashew,Korosho,True,https://www.tosci.go.tz/seed-varieties?page=5,False
AZA 17/158,cashew,Korosho,True,https://www.tosci.go.tz/seed-varieties?page=5,False
AZA 17/79,cashew,Korosho,True,https://www.tosci.go.tz/seed-varieties?page=5,False
AZA 2,cashew,Korosho,True,https://www.tosci.go.tz/seed-varieties?page=5,False
Azimio 87,wheat,Ngano,True,https://www.tosci.go.tz/seed-varieties?page=5,False
Bahati F1,tomato,Nyanya,True,https://www.tosci.go.tz/seed-varieties?page=6,False
Balash F1,cabbage,Kabichi,True,https://www.tosci.go.tz/seed-varieties?page=6,False
BALLERINA RZ,lettuce,Saladi,True,https://www.tosci.go.tz/seed-varieties?page=6,False
Bansal F1,tomato,Nyanya,True,https://www.tosci.go.tz/seed-varieties?page=6,False
BARAKA F1,cabbage,Kabichi,True,https://www.tosci.go.tz/seed-varieties?page=6,False
BARIDI F1,cabbage,Kabichi,True,https://www.tosci.go.tz/seed-varieties?page=6,False
BARONESA RZ F1,watermelon,Tikiti Maji,True,https://www.tosci.go.tz/seed-varieties?page=6,False
BASHAER,tomato,Nyanya,True,https://www.tosci.go.tz/seed-varieties?page=6,False
BATAVIA,lettuce,Saladi,True,https://www.tosci.go.tz/seed-varieties?page=6,False
BAWITO F1,tomato,Nyanya,True,https://www.tosci.go.tz/seed-varieties?page=6,False
BAXTER F1,cabbage,Kabichi,True,https://www.tosci.go.tz/seed-varieties?page=6,False
BE 101 IS F1,beetroot,Beetroot,True,https://www.tosci.go.tz/seed-varieties?page=6,False
BE 102 IS F1,beetroot,Beetroot,True,https://www.tosci.go.tz/seed-varieties?page=6,False
BEKI F1.,tomato,Nyanya,True,https://www.tosci.go.tz/seed-varieties?page=6,False
Belinde,cassava,Muhogo,True,https://www.tosci.go.tz/seed-varieties?page=6,False
Bella F1,pepper,Pilipili,True,https://www.tosci.go.tz/seed-varieties?page=6,False
Benue F1,african,African Eggplant,True,https://www.tosci.go.tz/seed-varieties?page=6,False
BETA F1,onion,Vitunguu,True,https://www.tosci.go.tz/seed-varieties?page=6,False
BIG BELL,pepper,Pilipili,True,https://www.tosci.go.tz/seed-varieties?page=6,False
BILFA 16,beans,Maharagwe,True,https://www.tosci.go.tz/seed-varieties?page=6,False
Bima,barley,Shayiri,True,https://www.tosci.go.tz/seed-varieties?page=7,False
Bingwa F1,eggplant,Eggplant,True,https://www.tosci.go.tz/seed-varieties?page=7,False
BLACK BEAUTY,eggplant,Eggplant,True,https://www.tosci.go.tz/seed-varieties?page=7,False
BLACK GIANT,eggplant,Eggplant,True,https://www.tosci.go.tz/seed-varieties?page=7,False
BLACK QUEEN F1,watermelon,Tikiti Maji,True,https://www.tosci.go.tz/seed-varieties?page=7,False
BLACK ROCK F1,egg,Egg Plant,True,https://www.tosci.go.tz/seed-varieties?page=7,False
BLUE DYNASTY,cabbage,Kabichi,True,https://www.tosci.go.tz/seed-varieties?page=7,False
BLUE ROCK F1,tomato,Nyanya,True,https://www.tosci.go.tz/seed-varieties?page=7,False
Bluesma,cabbage,Kabichi,True,https://www.tosci.go.tz/seed-varieties?page=7,False
BNS 213,buttenut,Buttenut,True,https://www.tosci.go.tz/seed-varieties?page=7,False
BOELLI,finnel,Finnel,True,https://www.tosci.go.tz/seed-varieties?page=7,False
BOLOGNA RZ F1,cucumber,Tango,True,https://www.tosci.go.tz/seed-varieties?page=7,False
BOOGIE RZ F1,pepper,Pilipili,True,https://www.tosci.go.tz/seed-varieties?page=7,False
BOOMER RZ F1,pepper,Pilipili,True,https://www.tosci.go.tz/seed-varieties?page=7,False
Bora,maize,Mahindi,True,https://www.tosci.go.tz/seed-varieties?page=7,False
BORA F1,tomato,Nyanya,True,https://www.tosci.go.tz/seed-varieties?page=7,False
Bossier,soybean,Soya,True,https://www.tosci.go.tz/seed-varieties?page=7,False
BR203,maize,Mahindi,True,https://www.tosci.go.tz/seed-varieties?page=7,False
BRIGITTE RZ F1,eubergine,Eubergine,True,https://www.tosci.go.tz/seed-varieties?page=7,False
BRUMA RZ,lettuce,Saladi,True,https://www.tosci.go.tz/seed-varieties?page=7,False
BSI 1,maize,Mahindi,True,https://www.tosci.go.tz/seed-varieties?page=8,False
BUFFALO F1,pepper,Pilipili,True,https://www.tosci.go.tz/seed-varieties?page=8,False
Bukoba 1,coffee,Kahawa,True,https://www.tosci.go.tz/seed-varieties?page=8,False
Bulldozer F1,watermelon,Tikiti Maji,True,https://www.tosci.go.tz/seed-varieties?page=8,False
BWT SAFA F1,tomato,Nyanya,True,https://www.tosci.go.tz/seed-varieties?page=8,False
C 101 F1 SYNGENTA TANZANIA LTD.,cabbage,Kabichi,True,https://www.tosci.go.tz/seed-varieties?page=8,False
C5051,maize,Mahindi,True,https://www.tosci.go.tz/seed-varieties?page=8,False
C5121,maize,Mahindi,True,https://www.tosci.go.tz/seed-varieties?page=8,False
C6222,maize,Mahindi,True,https://www.tosci.go.tz/seed-varieties?page=8,False
CA 85FX F1,cabbage,Kabichi,True,https://www.tosci.go.tz/seed-varieties?page=8,False
CAB VICTORIA,cabbage,Kabichi,True,https://www.tosci.go.tz/seed-varieties?page=8,False
CAL J,tomato,Nyanya,True,https://www.tosci.go.tz/seed-varieties?page=8,False
CAL J VF,tomato,Nyanya,True,https://www.tosci.go.tz/seed-varieties?page=8,False
CALABRESE,cabbage,Kabichi,True,https://www.tosci.go.tz/seed-varieties?page=8,False
CALIFONIA WONDER,pepper,Pilipili,True,https://www.tosci.go.tz/seed-varieties?page=8,False
CALIFORNIA SUPREME,pepper,Pilipili,True,https://www.tosci.go.tz/seed-varieties?page=8,False
Calima-Uyole,beans,Maharagwe,True,https://www.tosci.go.tz/seed-varieties?page=8,False
CALYPSO FSC,pepper,Pilipili,True,https://www.tosci.go.tz/seed-varieties?page=8,False
Canadian    wonder,beans,Maharagwe,True,https://www.tosci.go.tz/seed-varieties?page=8,False
CANDENTE X3R,pepper,Pilipili,True,https://www.tosci.go.tz/seed-varieties?page=8,False
CANDETE,pepper,Pilipili,True,https://www.tosci.go.tz/seed-varieties?page=9,False
CAP9001,maize,Mahindi,True,https://www.tosci.go.tz/seed-varieties?page=9,False
Captain F1,tomato,Nyanya,True,https://www.tosci.go.tz/seed-varieties?page=9,False
CARIBBEAN GOLD RZ F1,melon,Melon,True,https://www.tosci.go.tz/seed-varieties?page=9,False
CARIBBEAN KING RZ F1,melon,Melon,True,https://www.tosci.go.tz/seed-varieties?page=9,False
CARTAGENAS RZ,lettuce,Saladi,True,https://www.tosci.go.tz/seed-varieties?page=9,False
CASPER RZ F1,cabbage,Kabichi,True,https://www.tosci.go.tz/seed-varieties?page=9,False
CAYMAN,potato,Viazi,True,https://www.tosci.go.tz/seed-varieties?page=9,False
CC 37,tobacco,Tumbaku,True,https://www.tosci.go.tz/seed-varieties?page=9,False
CC26,tobacco,Tumbaku,True,https://www.tosci.go.tz/seed-varieties?page=9,False
CC27,tobacco,Tumbaku,True,https://www.tosci.go.tz/seed-varieties?page=9,False
CC35,tobacco,Tumbaku,True,https://www.tosci.go.tz/seed-varieties?page=9,False
CERA F1,pumpkin,Boga,True,https://www.tosci.go.tz/seed-varieties?page=9,False
CEYLON,onion,Vitunguu,True,https://www.tosci.go.tz/seed-varieties?page=9,False
CG4142,maize,Mahindi,True,https://www.tosci.go.tz/seed-varieties?page=9,False
CH-SATO1,rice,Mchele/Mpunga,True,https://www.tosci.go.tz/seed-varieties?page=9,False
CH-SATO9,rice,Mchele/Mpunga,True,https://www.tosci.go.tz/seed-varieties?page=9,False
Chaka,cabbage,Kabichi,True,https://www.tosci.go.tz/seed-varieties?page=9,False
Challenger,potato,Viazi,True,https://www.tosci.go.tz/seed-varieties?page=9,False
CHARSANO,beetroot,Beetroot,True,https://www.tosci.go.tz/seed-varieties?page=9,False
Chenin Nyeupe,grape,Grape Vine,True,https://www.tosci.go.tz/seed-varieties?page=10,False
Chereko,cassava,Muhogo,True,https://www.tosci.go.tz/seed-varieties?page=10,False
CHEUPE,beans,Maharagwe,True,https://www.tosci.go.tz/seed-varieties?page=10,False
CHIRACHA,pepper,Pilipili,True,https://www.tosci.go.tz/seed-varieties?page=10,False
Chiriku,wheat,Ngano,True,https://www.tosci.go.tz/seed-varieties?page=10,False
Cholima 1,other,Nyingine,True,https://www.tosci.go.tz/seed-varieties?page=10,False
Cholima 3,other,Nyingine,True,https://www.tosci.go.tz/seed-varieties?page=10,False
CINDRELLA F1,pumpkin,Boga,True,https://www.tosci.go.tz/seed-varieties?page=10,False
CLEMSON SPINELESS,okra,Bamia,True,https://www.tosci.go.tz/seed-varieties?page=10,False
CLX38365,tomato,Nyanya,True,https://www.tosci.go.tz/seed-varieties?page=10,False
COLUMBIA RZ F1,watermelon,Tikiti Maji,True,https://www.tosci.go.tz/seed-varieties?page=10,False
COMBAS,maize,Mahindi,True,https://www.tosci.go.tz/seed-varieties?page=10,False
COMMANDO F1,tomato,Nyanya,True,https://www.tosci.go.tz/seed-varieties?page=10,False
COMMON,persley,Persley,True,https://www.tosci.go.tz/seed-varieties?page=10,False
CONCORDE RZ,lettuce,Saladi,True,https://www.tosci.go.tz/seed-varieties?page=10,False
COPENHAGEN MARKET,cabbage,Kabichi,True,https://www.tosci.go.tz/seed-varieties?page=10,False
CORTON,cabbage,Kabichi,True,https://www.tosci.go.tz/seed-varieties?page=10,False
Cosmos,ornamental,Ornamental Flower,True,https://www.tosci.go.tz/seed-varieties?page=10,False
COSMOS F1,pepper,Pilipili,True,https://www.tosci.go.tz/seed-varieties?page=10,False
CP 201,maize,Mahindi,True,https://www.tosci.go.tz/seed-varieties?page=10,False
CP 808,maize,Mahindi,True,https://www.tosci.go.tz/seed-varieties?page=11,False
CRIMSON GLOBE,beetroot,Beetroot,True,https://www.tosci.go.tz/seed-varieties?page=11,False
CRIMSON SWEET,watermelon,Tikiti Maji,True,https://www.tosci.go.tz/seed-varieties?page=11,False
CRN 1435,sunflower,Alizeti,True,https://www.tosci.go.tz/seed-varieties?page=11,False
CRN 3891,maize,Mahindi,True,https://www.tosci.go.tz/seed-varieties?page=11,False
CRN3631,maize,Mahindi,True,https://www.tosci.go.tz/seed-varieties?page=11,False
CU 101 IS F1,cucumber,Tango,True,https://www.tosci.go.tz/seed-varieties?page=11,False
CU 102 IS F1,cucumber,Tango,True,https://www.tosci.go.tz/seed-varieties?page=11,False
CU 3174 F1,cucumber,Tango,True,https://www.tosci.go.tz/seed-varieties?page=11,False
DAISY F1,pumpkin,Boga,True,https://www.tosci.go.tz/seed-varieties?page=11,False
Dakawa,rice,Mchele/Mpunga,True,https://www.tosci.go.tz/seed-varieties?page=11,False
DARINA,cucumber,Tango,True,https://www.tosci.go.tz/seed-varieties?page=11,False
Darina mix,cucumber,Tango,True,https://www.tosci.go.tz/seed-varieties?page=11,False
DB  3,african,African Eggplant,True,https://www.tosci.go.tz/seed-varieties?page=11,False
DDV 10,tobacco,Tumbaku,True,https://www.tosci.go.tz/seed-varieties?page=11,False
DDV 42,tobacco,Tumbaku,True,https://www.tosci.go.tz/seed-varieties?page=11,False
DDV 43,tobacco,Tumbaku,True,https://www.tosci.go.tz/seed-varieties?page=11,False
DELTA F1,cabbage,Kabichi,True,https://www.tosci.go.tz/seed-varieties?page=11,False
Demon F1,pepper,Pilipili,True,https://www.tosci.go.tz/seed-varieties?page=11,False
DETROIT DARK RED,beetroot,Beetroot,True,https://www.tosci.go.tz/seed-varieties?page=11,False
DH 03,maize,Mahindi,True,https://www.tosci.go.tz/seed-varieties?page=12,False
DH 04,maize,Mahindi,True,https://www.tosci.go.tz/seed-varieties?page=12,False
DH01,maize,Mahindi,True,https://www.tosci.go.tz/seed-varieties?page=12,False
DHAHABU TAMU,maize,Mahindi,True,https://www.tosci.go.tz/seed-varieties?page=12,False
DHANIA,coriander,Coriander,True,https://www.tosci.go.tz/seed-varieties?page=12,False
Dibba F1,tomato,Nyanya,True,https://www.tosci.go.tz/seed-varieties?page=12,False
DK 8071,maize,Mahindi,True,https://www.tosci.go.tz/seed-varieties?page=12,False
DK777,maize,Mahindi,True,https://www.tosci.go.tz/seed-varieties?page=12,False
DK8031,maize,Mahindi,True,https://www.tosci.go.tz/seed-varieties?page=12,False
DK8051,maize,Mahindi,True,https://www.tosci.go.tz/seed-varieties?page=12,False
DKC 97-09,maize,Mahindi,True,https://www.tosci.go.tz/seed-varieties?page=12,False
DKC80-33,maize,Mahindi,True,https://www.tosci.go.tz/seed-varieties?page=12,False
DKC80-53,maize,Mahindi,True,https://www.tosci.go.tz/seed-varieties?page=12,False
DKC80-73,maize,Mahindi,True,https://www.tosci.go.tz/seed-varieties?page=12,False
DKC90-53,maize,Mahindi,True,https://www.tosci.go.tz/seed-varieties?page=12,False
DKC90-89,maize,Mahindi,True,https://www.tosci.go.tz/seed-varieties?page=12,False
Dodoma,cassava,Muhogo,True,https://www.tosci.go.tz/seed-varieties?page=12,False
DRAGON KING,watermelon,Tikiti Maji,True,https://www.tosci.go.tz/seed-varieties?page=12,False
DRD 8551,tomato,Nyanya,True,https://www.tosci.go.tz/seed-varieties?page=12,False
Dubai F1,watermelon,Tikiti Maji,True,https://www.tosci.go.tz/seed-varieties?page=12,False
Duma (Durum),wheat,Ngano,True,https://www.tosci.go.tz/seed-varieties?page=13,False
Duruti & Tengeru 2010,tomato,Nyanya,True,https://www.tosci.go.tz/seed-varieties?page=13,False
EAS 5019,maize,Mahindi,True,https://www.tosci.go.tz/seed-varieties?page=13,False
EASH 1129,maize,Mahindi,True,https://www.tosci.go.tz/seed-varieties?page=13,False
EASH 1231,maize,Mahindi,True,https://www.tosci.go.tz/seed-varieties?page=13,False
EASH 902,maize,Mahindi,True,https://www.tosci.go.tz/seed-varieties?page=13,False
EDEN,tomato,Nyanya,True,https://www.tosci.go.tz/seed-varieties?page=13,False
EDEN F1,tomato,Nyanya,True,https://www.tosci.go.tz/seed-varieties?page=13,False
EG 105 IS F1,eggplant,Eggplant,True,https://www.tosci.go.tz/seed-varieties?page=13,False
Ekon F1,tomato,Nyanya,True,https://www.tosci.go.tz/seed-varieties?page=13,False
EMERALD F1,okra,Bamia,True,https://www.tosci.go.tz/seed-varieties?page=13,False
ENORME F1,watermelon,Tikiti Maji,True,https://www.tosci.go.tz/seed-varieties?page=13,False
ERKUTOO,maize,Mahindi,True,https://www.tosci.go.tz/seed-varieties?page=13,False
ESCAZU,cabbage,Kabichi,True,https://www.tosci.go.tz/seed-varieties?page=13,False
EXACT RZ,lettuce,Saladi,True,https://www.tosci.go.tz/seed-varieties?page=13,False
Fahari,cowpea,Choroko,True,https://www.tosci.go.tz/seed-varieties?page=13,False
FAHARI F1,kale,Sukuma Wiki,True,https://www.tosci.go.tz/seed-varieties?page=13,False
FAIDA 3104 F1,watermelon,Tikiti Maji,True,https://www.tosci.go.tz/seed-varieties?page=13,False
FAIDA 3169 F1,watermelon,Tikiti Maji,True,https://www.tosci.go.tz/seed-varieties?page=13,False
FAIDA F1 - 3104,tomato,Nyanya,True,https://www.tosci.go.tz/seed-varieties?page=13,False
FALKOR F1,pepper,Pilipili,True,https://www.tosci.go.tz/seed-varieties?page=14,False
Falme F1,kale,Sukuma Wiki,True,https://www.tosci.go.tz/seed-varieties?page=14,False
FANA F1,tomato,Nyanya,True,https://www.tosci.go.tz/seed-varieties?page=14,False
FANAKA F1,cabbage,Kabichi,True,https://www.tosci.go.tz/seed-varieties?page=14,False
Fancy CS,carrot,Karoti,True,https://www.tosci.go.tz/seed-varieties?page=14,False
FANTASTIC RZ F1,eubergine,Eubergine,True,https://www.tosci.go.tz/seed-varieties?page=14,False
Farasi F1,tomato,Nyanya,True,https://www.tosci.go.tz/seed-varieties?page=14,False
FERRERA,cabbage,Kabichi,True,https://www.tosci.go.tz/seed-varieties?page=14,False
Fibea,beans,Maharagwe,True,https://www.tosci.go.tz/seed-varieties?page=14,False
FIRENZE,tomato,Nyanya,True,https://www.tosci.go.tz/seed-varieties?page=14,False
FLAT WHITE BOAR,pumpkin,Boga,True,https://www.tosci.go.tz/seed-varieties?page=14,False
FORDHOOK GIANT,beetroot,Beetroot,True,https://www.tosci.go.tz/seed-varieties?page=14,False
FORTESA,tomato,Nyanya,True,https://www.tosci.go.tz/seed-varieties?page=14,False
GALILEA F1,tomato,Nyanya,True,https://www.tosci.go.tz/seed-varieties?page=14,False
GAMBIA,pepper,Pilipili,True,https://www.tosci.go.tz/seed-varieties?page=14,False
GEORGIA,cabbage,Kabichi,True,https://www.tosci.go.tz/seed-varieties?page=14,False
GLORIA F1,cabbage,Kabichi,True,https://www.tosci.go.tz/seed-varieties?page=14,False
GLORIA STAR,cabbage,Kabichi,True,https://www.tosci.go.tz/seed-varieties?page=14,False
GLORY,cabbage,Kabichi,True,https://www.tosci.go.tz/seed-varieties?page=14,False
GLORY ENKHUIZEN,cabbage,Kabichi,True,https://www.tosci.go.tz/seed-varieties?page=14,False
GLORY F1,papaya,Papai,True,https://www.tosci.go.tz/seed-varieties?page=15,False
GLORY OF ENKHUIZEN,cabbage,Kabichi,True,https://www.tosci.go.tz/seed-varieties?page=15,False
GOAL,beans,Maharagwe,True,https://www.tosci.go.tz/seed-varieties?page=15,False
GOLDEN SUN F1,pepper,Pilipili,True,https://www.tosci.go.tz/seed-varieties?page=15,False
GRACE F1,pepper,Pilipili,True,https://www.tosci.go.tz/seed-varieties?page=15,False
Green finger,okra,Bamia,True,https://www.tosci.go.tz/seed-varieties?page=15,False
GREEN GOLD F1,pepper,Pilipili,True,https://www.tosci.go.tz/seed-varieties?page=15,False
GREEN MAGIC F1,pumpkin,Boga,True,https://www.tosci.go.tz/seed-varieties?page=15,False
GREEN ROCKET,kale,Sukuma Wiki,True,https://www.tosci.go.tz/seed-varieties?page=15,False
GREEN SPROUTING,cabbage,Kabichi,True,https://www.tosci.go.tz/seed-varieties?page=15,False
GREEN STAR F1,okra,Bamia,True,https://www.tosci.go.tz/seed-varieties?page=15,False
GREEN ZUCCHINI,pumpkin,Boga,True,https://www.tosci.go.tz/seed-varieties?page=15,False
GREY ZUCCHINI,cucumber,Tango,True,https://www.tosci.go.tz/seed-varieties?page=15,False
GS10,beans,Maharagwe,True,https://www.tosci.go.tz/seed-varieties?page=15,False
H 1,cashew,Korosho,True,https://www.tosci.go.tz/seed-varieties?page=15,False
H 11,cashew,Korosho,True,https://www.tosci.go.tz/seed-varieties?page=15,False
H 13,cashew,Korosho,True,https://www.tosci.go.tz/seed-varieties?page=15,False
H 14,cashew,Korosho,True,https://www.tosci.go.tz/seed-varieties?page=15,False
H 15,cashew,Korosho,True,https://www.tosci.go.tz/seed-varieties?page=15,False
H 16,cashew,Korosho,True,https://www.tosci.go.tz/seed-varieties?page=16,False
H 18,cashew,Korosho,True,https://www.tosci.go.tz/seed-varieties?page=16,False
H 2,cashew,Korosho,True,https://www.tosci.go.tz/seed-varieties?page=16,False
H 22,cashew,Korosho,True,https://www.tosci.go.tz/seed-varieties?page=16,False
H 23,cashew,Korosho,True,https://www.tosci.go.tz/seed-varieties?page=16,False
H 25,cashew,Korosho,True,https://www.tosci.go.tz/seed-varieties?page=16,False
H 28,cashew,Korosho,True,https://www.tosci.go.tz/seed-varieties?page=16,False
H 29,cashew,Korosho,True,https://www.tosci.go.tz/seed-varieties?page=16,False
H 3,cashew,Korosho,True,https://www.tosci.go.tz/seed-varieties?page=16,False
H 30,cashew,Korosho,True,https://www.tosci.go.tz/seed-varieties?page=16,False
H 31,cashew,Korosho,True,https://www.tosci.go.tz/seed-varieties?page=16,False
H 32,cashew,Korosho,True,https://www.tosci.go.tz/seed-varieties?page=16,False
H 33,cashew,Korosho,True,https://www.tosci.go.tz/seed-varieties?page=16,False
H 4,cashew,Korosho,True,https://www.tosci.go.tz/seed-varieties?page=16,False
H 5,cashew,Korosho,True,https://www.tosci.go.tz/seed-varieties?page=16,False
H 6,cashew,Korosho,True,https://www.tosci.go.tz/seed-varieties?page=16,False
H 7,cashew,Korosho,True,https://www.tosci.go.tz/seed-varieties?page=16,False
H 8,cashew,Korosho,True,https://www.tosci.go.tz/seed-varieties?page=16,False
H 9,cashew,Korosho,True,https://www.tosci.go.tz/seed-varieties?page=16,False
H.11648,sisal,Sisal,True,https://www.tosci.go.tz/seed-varieties?page=16,False
H513,maize,Mahindi,True,https://www.tosci.go.tz/seed-varieties?page=17,False
H614,maize,Mahindi,True,https://www.tosci.go.tz/seed-varieties?page=17,False
H6213,maize,Mahindi,True,https://www.tosci.go.tz/seed-varieties?page=17,False
H622,maize,Mahindi,True,https://www.tosci.go.tz/seed-varieties?page=17,False
H624,maize,Mahindi,True,https://www.tosci.go.tz/seed-varieties?page=17,False
H628,maize,Mahindi,True,https://www.tosci.go.tz/seed-varieties?page=17,False
H6302,maize,Mahindi,True,https://www.tosci.go.tz/seed-varieties?page=17,False
HABIB,pepper,Pilipili,True,https://www.tosci.go.tz/seed-varieties?page=17,False
Hakika,sorghum,Mtama,True,https://www.tosci.go.tz/seed-varieties?page=17,False
Harmon F1,pepper,Pilipili,True,https://www.tosci.go.tz/seed-varieties?page=17,False
HARMONY F1,tomato,Nyanya,True,https://www.tosci.go.tz/seed-varieties?page=17,False
Helianthus,sunflower,Alizeti,True,https://www.tosci.go.tz/seed-varieties?page=17,False
HERITAGE,cabbage,Kabichi,True,https://www.tosci.go.tz/seed-varieties?page=17,False
HILBERT RZ,lettuce,Saladi,True,https://www.tosci.go.tz/seed-varieties?page=17,False
Hope F1,pepper,Pilipili,True,https://www.tosci.go.tz/seed-varieties?page=17,False
HPH 1317,maize,Mahindi,True,https://www.tosci.go.tz/seed-varieties?page=17,False
HPH 1322,maize,Mahindi,True,https://www.tosci.go.tz/seed-varieties?page=17,False
HVCR-011,carrot,Karoti,True,https://www.tosci.go.tz/seed-varieties?page=17,False
HVCR-015,carrot,Karoti,True,https://www.tosci.go.tz/seed-varieties?page=17,False
HVCR-016,carrot,Karoti,True,https://www.tosci.go.tz/seed-varieties?page=17,False
HVCR-029,carrot,Karoti,True,https://www.tosci.go.tz/seed-varieties?page=18,False
HVCU-034,cucumber,Tango,True,https://www.tosci.go.tz/seed-varieties?page=18,False
HVOK-103,okra,Bamia,True,https://www.tosci.go.tz/seed-varieties?page=18,False
HVTM-031,tomato,Nyanya,True,https://www.tosci.go.tz/seed-varieties?page=18,False
HVTM-237,tomato,Nyanya,True,https://www.tosci.go.tz/seed-varieties?page=18,False
HVWM-047,watermelon,Tikiti Maji,True,https://www.tosci.go.tz/seed-varieties?page=18,False
HYSUN 33,sunflower,Alizeti,True,https://www.tosci.go.tz/seed-varieties?page=18,False
ICW,maize,Mahindi,True,https://www.tosci.go.tz/seed-varieties?page=18,False
IFSOY1,soybean,Soya,True,https://www.tosci.go.tz/seed-varieties?page=18,False
ILANGA RZ F1,pepper,Pilipili,True,https://www.tosci.go.tz/seed-varieties?page=18,False
Ilomba,beans,Maharagwe,True,https://www.tosci.go.tz/seed-varieties?page=18,False
Ilonga-10-1M,pigeon pea,Mbaazi,True,https://www.tosci.go.tz/seed-varieties?page=18,False
Ilonga-10-2M,pigeon pea,Mbaazi,True,https://www.tosci.go.tz/seed-varieties?page=18,False
IMANI F1,tomato,Nyanya,True,https://www.tosci.go.tz/seed-varieties?page=18,False
Imara,cowpea,Choroko,True,https://www.tosci.go.tz/seed-varieties?page=18,False
INDICA,cabbage,Kabichi,True,https://www.tosci.go.tz/seed-varieties?page=18,False
INDRA,pepper,Pilipili,True,https://www.tosci.go.tz/seed-varieties?page=18,False
IR 22,rice,Mchele/Mpunga,True,https://www.tosci.go.tz/seed-varieties?page=19,False
IR 54,rice,Mchele/Mpunga,True,https://www.tosci.go.tz/seed-varieties?page=19,False
ITAI F1,tomato,Nyanya,True,https://www.tosci.go.tz/seed-varieties?page=19,False
Italian giant,onion,Vitunguu,True,https://www.tosci.go.tz/seed-varieties?page=19,False
JAMBAR,onion,Vitunguu,True,https://www.tosci.go.tz/seed-varieties?page=19,False
JAMBARAU,egg,Egg Plant,True,https://www.tosci.go.tz/seed-varieties?page=19,False
JARRAH RZ F1,tomato,Nyanya,True,https://www.tosci.go.tz/seed-varieties?page=19,False
JD64,maize,Mahindi,True,https://www.tosci.go.tz/seed-varieties?page=19,False
Jelly,potato,Viazi,True,https://www.tosci.go.tz/seed-varieties?page=19,False
JESCA,beans,Maharagwe,True,https://www.tosci.go.tz/seed-varieties?page=19,False
Jitihada,potato,Viazi,True,https://www.tosci.go.tz/seed-varieties?page=19,False
Johari,ground,Ground Nut,True,https://www.tosci.go.tz/seed-varieties?page=19,False
JOHARI F1,pepper,Pilipili,True,https://www.tosci.go.tz/seed-varieties?page=19,False
Joli,wheat,Ngano,True,https://www.tosci.go.tz/seed-varieties?page=19,False
Juhudi No:1,wheat,Ngano,True,https://www.tosci.go.tz/seed-varieties?page=19,False
JULIANA F1,watermelon,Tikiti Maji,True,https://www.tosci.go.tz/seed-varieties?page=19,False
JUPITA F1,cucumber,Tango,True,https://www.tosci.go.tz/seed-varieties?page=19,False
K 326,tobacco,Tumbaku,True,https://www.tosci.go.tz/seed-varieties?page=19,False
K6Q,maize,Mahindi,True,https://www.tosci.go.tz/seed-varieties?page=19,False
Kabanima,other,Nyingine,True,https://www.tosci.go.tz/seed-varieties?page=19,False
Kabode,potato,Viazi,True,https://www.tosci.go.tz/seed-varieties?page=20,False
Kagera F1,watermelon,Tikiti Maji,True,https://www.tosci.go.tz/seed-varieties?page=20,False
Kakamega,potato,Viazi,True,https://www.tosci.go.tz/seed-varieties?page=20,False
KALAMATA,mpunga,Mpunga,True,https://www.tosci.go.tz/seed-varieties?page=20,False
Kame,barley,Shayiri,True,https://www.tosci.go.tz/seed-varieties?page=20,False
Karatu-1,pigeon pea,Mbaazi,True,https://www.tosci.go.tz/seed-varieties?page=20,False
KARIBO,cabbage,Kabichi,True,https://www.tosci.go.tz/seed-varieties?page=20,False
Kasala,cassava,Muhogo,True,https://www.tosci.go.tz/seed-varieties?page=20,False
Kaspidi,maize,Mahindi,True,https://www.tosci.go.tz/seed-varieties?page=20,False
KATRIN,rice,Mchele/Mpunga,True,https://www.tosci.go.tz/seed-varieties?page=20,False
Katumani,maize,Mahindi,True,https://www.tosci.go.tz/seed-varieties?page=20,False
KAVERI 254 F1,pepper,Pilipili,True,https://www.tosci.go.tz/seed-varieties?page=20,False
KAZINGA RZ F1,african,African Eggplant,True,https://www.tosci.go.tz/seed-varieties?page=20,False
KAZURI F1,watermelon,Tikiti Maji,True,https://www.tosci.go.tz/seed-varieties?page=20,False
KCLRHODES,boma,Boma Rhodes,True,https://www.tosci.go.tz/seed-varieties?page=20,False
KENGELE F1,pepper,Pilipili,True,https://www.tosci.go.tz/seed-varieties?page=20,False
KENIA RZ,lettuce,Saladi,True,https://www.tosci.go.tz/seed-varieties?page=20,False
Kenya Fedha,sunflower,Alizeti,True,https://www.tosci.go.tz/seed-varieties?page=20,False
KERIKO RZ 81,african,African Eggplant,True,https://www.tosci.go.tz/seed-varieties?page=20,False
KESHAV F1,watermelon,Tikiti Maji,True,https://www.tosci.go.tz/seed-varieties?page=20,False
KH 500-  43A,maize,Mahindi,True,https://www.tosci.go.tz/seed-varieties?page=21,False
KH 600-15A,maize,Mahindi,True,https://www.tosci.go.tz/seed-varieties?page=21,False
Kibaha,cassava,Muhogo,True,https://www.tosci.go.tz/seed-varieties?page=21,False
Kibo,barley,Shayiri,True,https://www.tosci.go.tz/seed-varieties?page=21,False
Kibo Star F1,tomato,Nyanya,True,https://www.tosci.go.tz/seed-varieties?page=21,False
Kiboko,tomato,Nyanya,True,https://www.tosci.go.tz/seed-varieties?page=21,False
KIBOKO F1,cabbage,Kabichi,True,https://www.tosci.go.tz/seed-varieties?page=21,False
KIDE F1,watermelon,Tikiti Maji,True,https://www.tosci.go.tz/seed-varieties?page=21,False
Kiegea,potato,Viazi,True,https://www.tosci.go.tz/seed-varieties?page=21,False
KIJANI F1,okra,Bamia,True,https://www.tosci.go.tz/seed-varieties?page=21,False
KIJANI KIZURI,okra,Bamia,True,https://www.tosci.go.tz/seed-varieties?page=21,False
Kikatiti,beans,Maharagwe,True,https://www.tosci.go.tz/seed-varieties?page=21,False
KILELE,tomato,Nyanya,True,https://www.tosci.go.tz/seed-varieties?page=21,False
Kilima St,maize,Mahindi,True,https://www.tosci.go.tz/seed-varieties?page=21,False
Kimbo F1,pepper,Pilipili,True,https://www.tosci.go.tz/seed-varieties?page=21,False
KIPATO,tomato,Nyanya,True,https://www.tosci.go.tz/seed-varieties?page=21,False
Kipusa,cassava,Muhogo,True,https://www.tosci.go.tz/seed-varieties?page=21,False
Kiroba,cassava,Muhogo,True,https://www.tosci.go.tz/seed-varieties?page=22,False
Kisongo,maize,Mahindi,True,https://www.tosci.go.tz/seed-varieties?page=22,False
KITO F1,watermelon,Tikiti Maji,True,https://www.tosci.go.tz/seed-varieties?page=22,False
Kizimbani,cassava,Muhogo,True,https://www.tosci.go.tz/seed-varieties?page=22,False
KKS 501,maize,Mahindi,True,https://www.tosci.go.tz/seed-varieties?page=22,False
KKS 507,maize,Mahindi,True,https://www.tosci.go.tz/seed-varieties?page=22,False
KKS 603,maize,Mahindi,True,https://www.tosci.go.tz/seed-varieties?page=22,False
KKS3864,lucerne,Lucerne,True,https://www.tosci.go.tz/seed-varieties?page=22,False
KLEE RZ,lettuce,Saladi,True,https://www.tosci.go.tz/seed-varieties?page=22,False
Komboa,pigeon pea,Mbaazi,True,https://www.tosci.go.tz/seed-varieties?page=22,False
Komboka,rice,Mchele/Mpunga,True,https://www.tosci.go.tz/seed-varieties?page=22,False
Kozi,wheat,Ngano,True,https://www.tosci.go.tz/seed-varieties?page=22,False
KP 423-1,coffee,Kahawa,True,https://www.tosci.go.tz/seed-varieties?page=22,False
KP 423-3,coffee,Kahawa,True,https://www.tosci.go.tz/seed-varieties?page=22,False
KP423-2  (Arabica),coffee,Kahawa,True,https://www.tosci.go.tz/seed-varieties?page=22,False
Krishna  Hybrid-2,maize,Mahindi,True,https://www.tosci.go.tz/seed-varieties?page=22,False
Krishna Hybrid-1,maize,Mahindi,True,https://www.tosci.go.tz/seed-varieties?page=22,False
KRISTINE RZ,lettuce,Saladi,True,https://www.tosci.go.tz/seed-varieties?page=22,False
KRK 26 R,tobacco,Tumbaku,True,https://www.tosci.go.tz/seed-varieties?page=22,False
KRK26,tobacco,Tumbaku,True,https://www.tosci.go.tz/seed-varieties?page=23,False
KS H 519,maize,Mahindi,True,https://www.tosci.go.tz/seed-varieties?page=23,False
KSS324,okra,Bamia,True,https://www.tosci.go.tz/seed-varieties?page=23,False
KUCHELE 2015,ground,Ground Nut,True,https://www.tosci.go.tz/seed-varieties?page=23,False
Kudu,oats,Oats,True,https://www.tosci.go.tz/seed-varieties?page=23,False
KURODA,carrot,Karoti,True,https://www.tosci.go.tz/seed-varieties?page=23,False
Kusini,barley,Shayiri,True,https://www.tosci.go.tz/seed-varieties?page=23,False
Kware,beans,Maharagwe,True,https://www.tosci.go.tz/seed-varieties?page=23,False
Kweche,wheat,Ngano,True,https://www.tosci.go.tz/seed-varieties?page=23,False
Kyaka,cassava,Muhogo,True,https://www.tosci.go.tz/seed-varieties?page=23,False
KYLIAN RZ,blanched,Blanched Celery,True,https://www.tosci.go.tz/seed-varieties?page=23,False
Lake 601,maize,Mahindi,True,https://www.tosci.go.tz/seed-varieties?page=23,False
LAKSHIMI F1,tomato,Nyanya,True,https://www.tosci.go.tz/seed-varieties?page=23,False
LARKA RZ,beetroot,Beetroot,True,https://www.tosci.go.tz/seed-varieties?page=23,False
LAWAMA,mpunga,Mpunga,True,https://www.tosci.go.tz/seed-varieties?page=23,False
LENGAI,pepper,Pilipili,True,https://www.tosci.go.tz/seed-varieties?page=23,False
LEVISTRO RZ,lettuce,Saladi,True,https://www.tosci.go.tz/seed-varieties?page=23,False
LIMPOPO RZ F1,african,African Eggplant,True,https://www.tosci.go.tz/seed-varieties?page=23,False
Lindi 02,sesame,Ufuta,True,https://www.tosci.go.tz/seed-varieties?page=24,False
Lishe - HI,maize,Mahindi,True,https://www.tosci.go.tz/seed-varieties?page=24,False
Lishe –H2,maize,Mahindi,True,https://www.tosci.go.tz/seed-varieties?page=24,False
LONG PURPLE,eggplant,Eggplant,True,https://www.tosci.go.tz/seed-varieties?page=24,False
Longe 4,maize,Mahindi,True,https://www.tosci.go.tz/seed-varieties?page=24,False
Longe 6H,maize,Mahindi,True,https://www.tosci.go.tz/seed-varieties?page=24,False
LONGRED CAYENE,pepper,Pilipili,True,https://www.tosci.go.tz/seed-varieties?page=24,False
LOTA F1,tomato,Nyanya,True,https://www.tosci.go.tz/seed-varieties?page=24,False
Lubango,maize,Mahindi,True,https://www.tosci.go.tz/seed-varieties?page=24,False
Lumbesa,wheat,Ngano,True,https://www.tosci.go.tz/seed-varieties?page=24,False
LUNA F1,tomato,Nyanya,True,https://www.tosci.go.tz/seed-varieties?page=24,False
Lundi,soybean,Soya,True,https://www.tosci.go.tz/seed-varieties?page=24,False
Lyamungu 85,beans,Maharagwe,True,https://www.tosci.go.tz/seed-varieties?page=24,False
Lyamungu 90,beans,Maharagwe,True,https://www.tosci.go.tz/seed-varieties?page=24,False
MABEL RZ F1,melon,Melon,True,https://www.tosci.go.tz/seed-varieties?page=24,False
Macia,sorghum,Mtama,True,https://www.tosci.go.tz/seed-varieties?page=24,False
Madiira 1,amaranth,Amaranth,True,https://www.tosci.go.tz/seed-varieties?page=24,False
Madiira 2,amaranth,Amaranth,True,https://www.tosci.go.tz/seed-varieties?page=24,False
MAHYCO C569,cotton,Pamba,True,https://www.tosci.go.tz/seed-varieties?page=24,False
MAHYCO C577,cotton,Pamba,True,https://www.tosci.go.tz/seed-varieties?page=24,False
MAHYCO C579,cotton,Pamba,True,https://www.tosci.go.tz/seed-varieties?page=25,False
MAKANYANGA,mpunga,Mpunga,True,https://www.tosci.go.tz/seed-varieties?page=25,False
Makete-I Naked barley),barley,Shayiri,True,https://www.tosci.go.tz/seed-varieties?page=25,False
Makutupora,cassava,Muhogo,True,https://www.tosci.go.tz/seed-varieties?page=25,False
Makutupora Red,grape,Grape Vine,True,https://www.tosci.go.tz/seed-varieties?page=25,False
MALAIKA,okra,Bamia,True,https://www.tosci.go.tz/seed-varieties?page=25,False
MALALA,african,African Nightshade,True,https://www.tosci.go.tz/seed-varieties?page=25,False
Mali,pigeon pea,Mbaazi,True,https://www.tosci.go.tz/seed-varieties?page=25,False
MALIKIA F1,papaya,Papai,True,https://www.tosci.go.tz/seed-varieties?page=25,False
Malkia F1,tomato,Nyanya,True,https://www.tosci.go.tz/seed-varieties?page=25,False
Mamba,wheat,Ngano,True,https://www.tosci.go.tz/seed-varieties?page=25,False
MAMBA F1,tomato,Nyanya,True,https://www.tosci.go.tz/seed-varieties?page=25,False
MAMSH 457,maize,Mahindi,True,https://www.tosci.go.tz/seed-varieties?page=25,False
MAMSH 458,maize,Mahindi,True,https://www.tosci.go.tz/seed-varieties?page=25,False
MAMSH 591,maize,Mahindi,True,https://www.tosci.go.tz/seed-varieties?page=25,False
MAMSH913,maize,Mahindi,True,https://www.tosci.go.tz/seed-varieties?page=25,False
Mangaka-09,other,Nyingine,True,https://www.tosci.go.tz/seed-varieties?page=25,False
Manitou,potato,Viazi,True,https://www.tosci.go.tz/seed-varieties?page=25,False
MAPEMA F1,cabbage,Kabichi,True,https://www.tosci.go.tz/seed-varieties?page=25,False
Markies,potato,Viazi,True,https://www.tosci.go.tz/seed-varieties?page=25,False
Mart F1,kale,Sukuma Wiki,True,https://www.tosci.go.tz/seed-varieties?page=26,False
Maruku 1,coffee,Kahawa,True,https://www.tosci.go.tz/seed-varieties?page=26,False
Maruku 2 (Robusta),coffee,Kahawa,True,https://www.tosci.go.tz/seed-varieties?page=26,False
Masasi-09,ground,Ground Nut,True,https://www.tosci.go.tz/seed-varieties?page=26,False
MASSA,cucumber,Tango,True,https://www.tosci.go.tz/seed-varieties?page=26,False
Mataya,potato,Viazi,True,https://www.tosci.go.tz/seed-varieties?page=26,False
MATEJKO RZ F1,onion,Vitunguu,True,https://www.tosci.go.tz/seed-varieties?page=26,False
Mavuno,potato,Viazi,True,https://www.tosci.go.tz/seed-varieties?page=26,False
MAX BELL,pepper,Pilipili,True,https://www.tosci.go.tz/seed-varieties?page=26,False
MAXIMUS RZ,lettuce,Saladi,True,https://www.tosci.go.tz/seed-varieties?page=26,False
MAYA F1,cabbage,Kabichi,True,https://www.tosci.go.tz/seed-varieties?page=26,False
Mazao,potato,Viazi,True,https://www.tosci.go.tz/seed-varieties?page=26,False
MBAWAMBILI,mpunga,Mpunga,True,https://www.tosci.go.tz/seed-varieties?page=26,False
Mbayuwayu,wheat,Ngano,True,https://www.tosci.go.tz/seed-varieties?page=26,False
Mbuni,wheat,Ngano,True,https://www.tosci.go.tz/seed-varieties?page=26,False
MEHHE,maize,Mahindi,True,https://www.tosci.go.tz/seed-varieties?page=26,False
MEKONG F1,pepper,Pilipili,True,https://www.tosci.go.tz/seed-varieties?page=26,False
MERCEDES,onion,Vitunguu,True,https://www.tosci.go.tz/seed-varieties?page=26,False
Meremeta,cassava,Muhogo,True,https://www.tosci.go.tz/seed-varieties?page=26,False
Merina,wheat,Ngano,True,https://www.tosci.go.tz/seed-varieties?page=26,False
Meru,potato,Viazi,True,https://www.tosci.go.tz/seed-varieties?page=27,False
MERU GIANT,cabbage,Kabichi,True,https://www.tosci.go.tz/seed-varieties?page=27,False
MERU H500,maize,Mahindi,True,https://www.tosci.go.tz/seed-varieties?page=27,False
MERU H501,maize,Mahindi,True,https://www.tosci.go.tz/seed-varieties?page=27,False
MERU H600,maize,Mahindi,True,https://www.tosci.go.tz/seed-varieties?page=27,False
MERU HB 505,maize,Mahindi,True,https://www.tosci.go.tz/seed-varieties?page=27,False
MERU HB 507,maize,Mahindi,True,https://www.tosci.go.tz/seed-varieties?page=27,False
MERU HB 509,maize,Mahindi,True,https://www.tosci.go.tz/seed-varieties?page=27,False
MERU HB 621,maize,Mahindi,True,https://www.tosci.go.tz/seed-varieties?page=27,False
MERU HB515,maize,Mahindi,True,https://www.tosci.go.tz/seed-varieties?page=27,False
MERU LISHE 503,maize,Mahindi,True,https://www.tosci.go.tz/seed-varieties?page=27,False
MERU LISHE 511,maize,Mahindi,True,https://www.tosci.go.tz/seed-varieties?page=27,False
MERU SUPER,onion,Vitunguu,True,https://www.tosci.go.tz/seed-varieties?page=27,False
MERUEHT1,maize,Mahindi,True,https://www.tosci.go.tz/seed-varieties?page=27,False
MEXTIZO,pepper,Pilipili,True,https://www.tosci.go.tz/seed-varieties?page=27,False
MFALME F1,cabbage,Kabichi,True,https://www.tosci.go.tz/seed-varieties?page=27,False
Mhanje-09,ground,Ground Nut,True,https://www.tosci.go.tz/seed-varieties?page=27,False
MICHEL,sunflower,Alizeti,True,https://www.tosci.go.tz/seed-varieties?page=27,False
MICHELE F1,cabbage,Kabichi,True,https://www.tosci.go.tz/seed-varieties?page=27,False
Michihili,kale,Sukuma Wiki,True,https://www.tosci.go.tz/seed-varieties?page=28,False
MILELE F1,tomato,Nyanya,True,https://www.tosci.go.tz/seed-varieties?page=28,False
MINOR EARLY,radish,Radish,True,https://www.tosci.go.tz/seed-varieties?page=28,False
Mkombozi,cassava,Muhogo,True,https://www.tosci.go.tz/seed-varieties?page=28,False
MKOMBOZI F1,watermelon,Tikiti Maji,True,https://www.tosci.go.tz/seed-varieties?page=28,False
Mkulima,potato,Viazi,True,https://www.tosci.go.tz/seed-varieties?page=28,False
Mkumba,cassava,Muhogo,True,https://www.tosci.go.tz/seed-varieties?page=28,False
Mkuranga-1,cassava,Muhogo,True,https://www.tosci.go.tz/seed-varieties?page=28,False
Mlezi,potato,Viazi,True,https://www.tosci.go.tz/seed-varieties?page=28,False
MONALISA F1,cucumber,Tango,True,https://www.tosci.go.tz/seed-varieties?page=28,False
MONDAÏ RZ,lettuce,Saladi,True,https://www.tosci.go.tz/seed-varieties?page=28,False
MONDIAL RZ F1,radish,Radish,True,https://www.tosci.go.tz/seed-varieties?page=28,False
MONEERA,cabbage,Kabichi,True,https://www.tosci.go.tz/seed-varieties?page=28,False
MONICA,tomato,Nyanya,True,https://www.tosci.go.tz/seed-varieties?page=28,False
MONICA F1,tomato,Nyanya,True,https://www.tosci.go.tz/seed-varieties?page=28,False
MONTARA F1,cabbage,Kabichi,True,https://www.tosci.go.tz/seed-varieties?page=28,False
MONTEAZUL,tomato,Nyanya,True,https://www.tosci.go.tz/seed-varieties?page=28,False
MORGAN Rijk,watermelon,Tikiti Maji,True,https://www.tosci.go.tz/seed-varieties?page=28,False
MOROGORO F1,tomato,Nyanya,True,https://www.tosci.go.tz/seed-varieties?page=28,False
MOSCATEL RZ F1,tomato,Nyanya,True,https://www.tosci.go.tz/seed-varieties?page=28,False
MOYO F1,tomato,Nyanya,True,https://www.tosci.go.tz/seed-varieties?page=29,False
Mshindi,beans,Maharagwe,True,https://www.tosci.go.tz/seed-varieties?page=29,False
MSHINDI F1,watermelon,Tikiti Maji,True,https://www.tosci.go.tz/seed-varieties?page=29,False
Mtondo 2013,sesame,Ufuta,True,https://www.tosci.go.tz/seed-varieties?page=29,False
MTWARANUT 2016,ground,Ground Nut,True,https://www.tosci.go.tz/seed-varieties?page=29,False
MUJUNZA,maharage,Maharage,True,https://www.tosci.go.tz/seed-varieties?page=29,False
Muleba 1,coffee,Kahawa,True,https://www.tosci.go.tz/seed-varieties?page=29,False
Mumba,cassava,Muhogo,True,https://www.tosci.go.tz/seed-varieties?page=29,False
MWANGAZA,tomato,Nyanya,True,https://www.tosci.go.tz/seed-varieties?page=29,False
Mwanza 1,peas,Mbaazi Ndogo,True,https://www.tosci.go.tz/seed-varieties?page=29,False
Mwanza 2,peas,Mbaazi Ndogo,True,https://www.tosci.go.tz/seed-varieties?page=29,False
Mwendokasi,pepper,Pilipili,True,https://www.tosci.go.tz/seed-varieties?page=29,False
Mwenezi,soybean,Soya,True,https://www.tosci.go.tz/seed-varieties?page=29,False
MYDAS,cucumber,Tango,True,https://www.tosci.go.tz/seed-varieties?page=29,False
N 19,sugarcane,Miwa,True,https://www.tosci.go.tz/seed-varieties?page=29,False
N 25,sugarcane,Miwa,True,https://www.tosci.go.tz/seed-varieties?page=29,False
N 30,sugarcane,Miwa,True,https://www.tosci.go.tz/seed-varieties?page=29,False
N 39-1,coffee,Kahawa,True,https://www.tosci.go.tz/seed-varieties?page=29,False
N 39-2,coffee,Kahawa,True,https://www.tosci.go.tz/seed-varieties?page=30,False
N 39-3,coffee,Kahawa,True,https://www.tosci.go.tz/seed-varieties?page=30,False
N 39-4,coffee,Kahawa,True,https://www.tosci.go.tz/seed-varieties?page=30,False
N 39-5,coffee,Kahawa,True,https://www.tosci.go.tz/seed-varieties?page=30,False
N 39-6,coffee,Kahawa,True,https://www.tosci.go.tz/seed-varieties?page=30,False
N 39-7,coffee,Kahawa,True,https://www.tosci.go.tz/seed-varieties?page=30,False
N 41,sugarcane,Miwa,True,https://www.tosci.go.tz/seed-varieties?page=30,False
N36,sugarcane,Miwa,True,https://www.tosci.go.tz/seed-varieties?page=30,False
N39-10,coffee,Kahawa,True,https://www.tosci.go.tz/seed-varieties?page=30,False
N39-11,coffee,Kahawa,True,https://www.tosci.go.tz/seed-varieties?page=30,False
N39-12,coffee,Kahawa,True,https://www.tosci.go.tz/seed-varieties?page=30,False
N39-8,coffee,Kahawa,True,https://www.tosci.go.tz/seed-varieties?page=30,False
N39-9,coffee,Kahawa,True,https://www.tosci.go.tz/seed-varieties?page=30,False
N47,sugarcane,Miwa,True,https://www.tosci.go.tz/seed-varieties?page=30,False
NACHI 2015,ground,Ground Nut,True,https://www.tosci.go.tz/seed-varieties?page=30,False
Nachingwea-09,other,Nyingine,True,https://www.tosci.go.tz/seed-varieties?page=30,False
NACO MTAMA1,sorghum,Mtama,True,https://www.tosci.go.tz/seed-varieties?page=30,False
NACO SH1,sorghum,Mtama,True,https://www.tosci.go.tz/seed-varieties?page=30,False
NACO SH2,sorghum,Mtama,True,https://www.tosci.go.tz/seed-varieties?page=30,False
NALBA9-2017,cowpea,Choroko,True,https://www.tosci.go.tz/seed-varieties?page=30,False
NalBam -06,cowpea,Choroko,True,https://www.tosci.go.tz/seed-varieties?page=31,False
NALBAM 22- 2017,cowpea,Choroko,True,https://www.tosci.go.tz/seed-varieties?page=31,False
NalBam-03,cowpea,Choroko,True,https://www.tosci.go.tz/seed-varieties?page=31,False
NalBam-04,cowpea,Choroko,True,https://www.tosci.go.tz/seed-varieties?page=31,False
NALIENDELE 2016,ground,Ground Nut,True,https://www.tosci.go.tz/seed-varieties?page=31,False
Naliendele 92,sesame,Ufuta,True,https://www.tosci.go.tz/seed-varieties?page=31,False
Naliendele-09,ground,Ground Nut,True,https://www.tosci.go.tz/seed-varieties?page=31,False
NANCY RZ F1,tomato,Nyanya,True,https://www.tosci.go.tz/seed-varieties?page=31,False
NANTES,carrot,Karoti,True,https://www.tosci.go.tz/seed-varieties?page=31,False
NANTES CORELESS,carrot,Karoti,True,https://www.tosci.go.tz/seed-varieties?page=31,False
NARINUT 2015,ground,Ground Nut,True,https://www.tosci.go.tz/seed-varieties?page=31,False
NATA H 104,maize,Mahindi,True,https://www.tosci.go.tz/seed-varieties?page=31,False
NATA H 105,maize,Mahindi,True,https://www.tosci.go.tz/seed-varieties?page=31,False
NATA H401,maize,Mahindi,True,https://www.tosci.go.tz/seed-varieties?page=31,False
NATA K 8,maize,Mahindi,True,https://www.tosci.go.tz/seed-varieties?page=31,False
NATION RZ,lettuce,Saladi,True,https://www.tosci.go.tz/seed-varieties?page=31,False
NDOVU,watermelon,Tikiti Maji,True,https://www.tosci.go.tz/seed-varieties?page=31,False
Nduruma,african,African Nightshade,True,https://www.tosci.go.tz/seed-varieties?page=31,False
NEPTUNE F1,onion,Vitunguu,True,https://www.tosci.go.tz/seed-varieties?page=31,False
NERICA 1,rice,Mchele/Mpunga,True,https://www.tosci.go.tz/seed-varieties?page=31,False
NERICA 2,rice,Mchele/Mpunga,True,https://www.tosci.go.tz/seed-varieties?page=32,False
NERICA 4,rice,Mchele/Mpunga,True,https://www.tosci.go.tz/seed-varieties?page=32,False
NERICA 7,rice,Mchele/Mpunga,True,https://www.tosci.go.tz/seed-varieties?page=32,False
Ngoli,wheat,Ngano,True,https://www.tosci.go.tz/seed-varieties?page=32,False
NGURUMA,other,Nyingine,True,https://www.tosci.go.tz/seed-varieties?page=32,False
Nice F1,cabbage,Kabichi,True,https://www.tosci.go.tz/seed-varieties?page=32,False
NIKOMATE F1,tomato,Nyanya,True,https://www.tosci.go.tz/seed-varieties?page=32,False
NJANO,maize,Mahindi,True,https://www.tosci.go.tz/seed-varieties?page=32,False
Njano Uyole,beans,Maharagwe,True,https://www.tosci.go.tz/seed-varieties?page=32,False
Njombe 6,wheat,Ngano,True,https://www.tosci.go.tz/seed-varieties?page=32,False
NJOTO F1,cabbage,Kabichi,True,https://www.tosci.go.tz/seed-varieties?page=32,False
NMD19,beans,Maharagwe,True,https://www.tosci.go.tz/seed-varieties?page=32,False
NMD20,beans,Maharagwe,True,https://www.tosci.go.tz/seed-varieties?page=32,False
NORA F1,okra,Bamia,True,https://www.tosci.go.tz/seed-varieties?page=32,False
NSFH 145,sunflower,Alizeti,True,https://www.tosci.go.tz/seed-varieties?page=32,False
NSFH 36,sunflower,Alizeti,True,https://www.tosci.go.tz/seed-varieties?page=32,False
NTA 93 -21,cotton,Pamba,True,https://www.tosci.go.tz/seed-varieties?page=32,False
NURU,okra,Bamia,True,https://www.tosci.go.tz/seed-varieties?page=32,False
Nyati,wheat,Ngano,True,https://www.tosci.go.tz/seed-varieties?page=33,False
NYATI F1,tomato,Nyanya,True,https://www.tosci.go.tz/seed-varieties?page=33,False
Nyota (Span cross),ground,Ground Nut,True,https://www.tosci.go.tz/seed-varieties?page=33,False
NYOTA F1,tomato,Nyanya,True,https://www.tosci.go.tz/seed-varieties?page=33,False
NZITO F1,watermelon,Tikiti Maji,True,https://www.tosci.go.tz/seed-varieties?page=33,False
OH102,okra,Bamia,True,https://www.tosci.go.tz/seed-varieties?page=33,False
OK 105 IS F1,okra,Bamia,True,https://www.tosci.go.tz/seed-varieties?page=33,False
OK 106 IS F1,okra,Bamia,True,https://www.tosci.go.tz/seed-varieties?page=33,False
OK 107 IS F1,okra,Bamia,True,https://www.tosci.go.tz/seed-varieties?page=33,False
Okoa,millet,Uwele,True,https://www.tosci.go.tz/seed-varieties?page=33,False
Olevolosi,african,African Nightshade,True,https://www.tosci.go.tz/seed-varieties?page=33,False
Oshirit F1,tomato,Nyanya,True,https://www.tosci.go.tz/seed-varieties?page=33,False
Oshma F1,pepper,Pilipili,True,https://www.tosci.go.tz/seed-varieties?page=33,False
P2809W,maize,Mahindi,True,https://www.tosci.go.tz/seed-varieties?page=33,False
P2848W,maize,Mahindi,True,https://www.tosci.go.tz/seed-varieties?page=33,False
P2859W,maize,Mahindi,True,https://www.tosci.go.tz/seed-varieties?page=33,False
P3531W,maize,Mahindi,True,https://www.tosci.go.tz/seed-varieties?page=33,False
P3812W,maize,Mahindi,True,https://www.tosci.go.tz/seed-varieties?page=33,False
PAC 501,sorghum,Mtama,True,https://www.tosci.go.tz/seed-varieties?page=33,False
PAC 537,sorghum,Mtama,True,https://www.tosci.go.tz/seed-varieties?page=33,False
PAC8577,rice,Mchele/Mpunga,True,https://www.tosci.go.tz/seed-varieties?page=34,False
Padma F1,tomato,Nyanya,True,https://www.tosci.go.tz/seed-varieties?page=34,False
PAN 15,maize,Mahindi,True,https://www.tosci.go.tz/seed-varieties?page=34,False
PAN 33,maize,Mahindi,True,https://www.tosci.go.tz/seed-varieties?page=34,False
PAN 3M-01,maize,Mahindi,True,https://www.tosci.go.tz/seed-varieties?page=34,False
PAN 3M-05,maize,Mahindi,True,https://www.tosci.go.tz/seed-varieties?page=34,False
PAN 4 M-17,maize,Mahindi,True,https://www.tosci.go.tz/seed-varieties?page=34,False
PAN 4M-11,maize,Mahindi,True,https://www.tosci.go.tz/seed-varieties?page=34,False
PAN 4M-19,maize,Mahindi,True,https://www.tosci.go.tz/seed-varieties?page=34,False
PAN 4M-21,maize,Mahindi,True,https://www.tosci.go.tz/seed-varieties?page=34,False
PAN 4M-23,maize,Mahindi,True,https://www.tosci.go.tz/seed-varieties?page=34,False
PAN 53,maize,Mahindi,True,https://www.tosci.go.tz/seed-varieties?page=34,False
PAN 5M-35,maize,Mahindi,True,https://www.tosci.go.tz/seed-varieties?page=34,False
PAN 6195,maize,Mahindi,True,https://www.tosci.go.tz/seed-varieties?page=34,False
PAN 6243,maize,Mahindi,True,https://www.tosci.go.tz/seed-varieties?page=34,False
PAN 63,maize,Mahindi,True,https://www.tosci.go.tz/seed-varieties?page=34,False
PAN 6481,maize,Mahindi,True,https://www.tosci.go.tz/seed-varieties?page=34,False
PAN 691,maize,Mahindi,True,https://www.tosci.go.tz/seed-varieties?page=34,False
PAN 695,maize,Mahindi,True,https://www.tosci.go.tz/seed-varieties?page=34,False
PAN 7352,sunflower,Alizeti,True,https://www.tosci.go.tz/seed-varieties?page=34,False
PAN 77,maize,Mahindi,True,https://www.tosci.go.tz/seed-varieties?page=35,False
PAN 7M-81,maize,Mahindi,True,https://www.tosci.go.tz/seed-varieties?page=35,False
PAN 7M-87,maize,Mahindi,True,https://www.tosci.go.tz/seed-varieties?page=35,False
PAN 9M-91,maize,Mahindi,True,https://www.tosci.go.tz/seed-varieties?page=35,False
PAN6549,maize,Mahindi,True,https://www.tosci.go.tz/seed-varieties?page=35,False
Panamera,potato,Viazi,True,https://www.tosci.go.tz/seed-varieties?page=35,False
PASARELLA,pepper,Pilipili,True,https://www.tosci.go.tz/seed-varieties?page=35,False
Pasi,beans,Maharagwe,True,https://www.tosci.go.tz/seed-varieties?page=35,False
PATA NEGRA,watermelon,Tikiti Maji,True,https://www.tosci.go.tz/seed-varieties?page=35,False
Pato,sorghum,Mtama,True,https://www.tosci.go.tz/seed-varieties?page=35,False
PATO F1,watermelon,Tikiti Maji,True,https://www.tosci.go.tz/seed-varieties?page=35,False
PD4,tobacco,Tumbaku,True,https://www.tosci.go.tz/seed-varieties?page=35,False
Pendo 98 (Spanish),ground,Ground Nut,True,https://www.tosci.go.tz/seed-varieties?page=35,False
PERU F1,pepper,Pilipili,True,https://www.tosci.go.tz/seed-varieties?page=35,False
Pesa,beans,Maharagwe,True,https://www.tosci.go.tz/seed-varieties?page=35,False
PHB30A15,maize,Mahindi,True,https://www.tosci.go.tz/seed-varieties?page=35,False
PHB30G97,maize,Mahindi,True,https://www.tosci.go.tz/seed-varieties?page=35,False
PHB30H83,maize,Mahindi,True,https://www.tosci.go.tz/seed-varieties?page=35,False
PHILEX,pumpkin,Boga,True,https://www.tosci.go.tz/seed-varieties?page=35,False
PICUS,tomato,Nyanya,True,https://www.tosci.go.tz/seed-varieties?page=35,False
Pilot F1,tomato,Nyanya,True,https://www.tosci.go.tz/seed-varieties?page=36,False
PK 449,pumpkin,Boga,True,https://www.tosci.go.tz/seed-varieties?page=36,False
PK F1,pumpkin,Boga,True,https://www.tosci.go.tz/seed-varieties?page=36,False
PLATO,pepper,Pilipili,True,https://www.tosci.go.tz/seed-varieties?page=36,False
PLENTY F1,cabbage,Kabichi,True,https://www.tosci.go.tz/seed-varieties?page=36,False
Pluto F1,pumpkin,Boga,True,https://www.tosci.go.tz/seed-varieties?page=36,False
POLI,amaranth,Amaranth,True,https://www.tosci.go.tz/seed-varieties?page=36,False
Polista,potato,Viazi,True,https://www.tosci.go.tz/seed-varieties?page=36,False
PRETORIA F1,cabbage,Kabichi,True,https://www.tosci.go.tz/seed-varieties?page=36,False
Prima F1,kale,Sukuma Wiki,True,https://www.tosci.go.tz/seed-varieties?page=36,False
PRIMARINO RZ F1.,tomato,Nyanya,True,https://www.tosci.go.tz/seed-varieties?page=36,False
PRINCE F1,cucumber,Tango,True,https://www.tosci.go.tz/seed-varieties?page=36,False
PRINCESS F1,watermelon,Tikiti Maji,True,https://www.tosci.go.tz/seed-varieties?page=36,False
PVH 2254,tobacco,Tumbaku,True,https://www.tosci.go.tz/seed-varieties?page=36,False
PVH 2259,tobacco,Tumbaku,True,https://www.tosci.go.tz/seed-varieties?page=36,False
PVH 2275,tobacco,Tumbaku,True,https://www.tosci.go.tz/seed-varieties?page=36,False
PW 416 F1,watermelon,Tikiti Maji,True,https://www.tosci.go.tz/seed-varieties?page=36,False
PW 417 F1,watermelon,Tikiti Maji,True,https://www.tosci.go.tz/seed-varieties?page=36,False
Pwani,cassava,Muhogo,True,https://www.tosci.go.tz/seed-varieties?page=36,False
Pwani H04,maize,Mahindi,True,https://www.tosci.go.tz/seed-varieties?page=36,False
QUINA F1,cabbage,Kabichi,True,https://www.tosci.go.tz/seed-varieties?page=37,False
R 570,sugarcane,Miwa,True,https://www.tosci.go.tz/seed-varieties?page=37,False
R 575,sugarcane,Miwa,True,https://www.tosci.go.tz/seed-varieties?page=37,False
R 579,sugarcane,Miwa,True,https://www.tosci.go.tz/seed-varieties?page=37,False
R570,sugarcane,Miwa,True,https://www.tosci.go.tz/seed-varieties?page=37,False
R85/1334,sugarcane,Miwa,True,https://www.tosci.go.tz/seed-varieties?page=37,False
RADAH F1,pepper,Pilipili,True,https://www.tosci.go.tz/seed-varieties?page=37,False
RADAR F1,pepper,Pilipili,True,https://www.tosci.go.tz/seed-varieties?page=37,False
Rakodzi,sorghum,Mtama,True,https://www.tosci.go.tz/seed-varieties?page=37,False
RAMBO F1,tomato,Nyanya,True,https://www.tosci.go.tz/seed-varieties?page=37,False
Rampart,kale,Sukuma Wiki,True,https://www.tosci.go.tz/seed-varieties?page=37,False
RANDAH F1,tomato,Nyanya,True,https://www.tosci.go.tz/seed-varieties?page=37,False
RANGER F1,tomato,Nyanya,True,https://www.tosci.go.tz/seed-varieties?page=37,False
Rangi Mbili,cassava,Muhogo,True,https://www.tosci.go.tz/seed-varieties?page=37,False
RAS F1,pepper,Pilipili,True,https://www.tosci.go.tz/seed-varieties?page=37,False
RAVA FSC,kale,Sukuma Wiki,True,https://www.tosci.go.tz/seed-varieties?page=37,False
RED BOMBAY,onion,Vitunguu,True,https://www.tosci.go.tz/seed-varieties?page=37,False
RED CARABIAN,pepper,Pilipili,True,https://www.tosci.go.tz/seed-varieties?page=37,False
RED COACH F1,onion,Vitunguu,True,https://www.tosci.go.tz/seed-varieties?page=37,False
RED CORNET F1,onion,Vitunguu,True,https://www.tosci.go.tz/seed-varieties?page=37,False
RED CREOLE,onion,Vitunguu,True,https://www.tosci.go.tz/seed-varieties?page=38,False
RED JET RZ F1,pepper,Pilipili,True,https://www.tosci.go.tz/seed-varieties?page=38,False
RED KING F1,onion,Vitunguu,True,https://www.tosci.go.tz/seed-varieties?page=38,False
RED KNIGHT X3R,pepper,Pilipili,True,https://www.tosci.go.tz/seed-varieties?page=38,False
RED MANTEL FCS,onion,Vitunguu,True,https://www.tosci.go.tz/seed-varieties?page=38,False
Red Mwitunde,ground,Ground Nut,True,https://www.tosci.go.tz/seed-varieties?page=38,False
RED PLANET,onion,Vitunguu,True,https://www.tosci.go.tz/seed-varieties?page=38,False
RED QUEEN F1,onion,Vitunguu,True,https://www.tosci.go.tz/seed-varieties?page=38,False
RED ROYALE F1,papaya,Papai,True,https://www.tosci.go.tz/seed-varieties?page=38,False
RED SANGA F1,onion,Vitunguu,True,https://www.tosci.go.tz/seed-varieties?page=38,False
RED THUNDER F1,cabbage,Kabichi,True,https://www.tosci.go.tz/seed-varieties?page=38,False
REVELATION,pepper,Pilipili,True,https://www.tosci.go.tz/seed-varieties?page=38,False
RG 17,tobacco,Tumbaku,True,https://www.tosci.go.tz/seed-varieties?page=38,False
RIO GRANDE,tomato,Nyanya,True,https://www.tosci.go.tz/seed-varieties?page=38,False
RIONEX,tomato,Nyanya,True,https://www.tosci.go.tz/seed-varieties?page=38,False
RIZIKI – C1,wheat,Ngano,True,https://www.tosci.go.tz/seed-varieties?page=38,False
Riziki –C2,wheat,Ngano,True,https://www.tosci.go.tz/seed-varieties?page=38,False
ROCK F1,cabbage,Kabichi,True,https://www.tosci.go.tz/seed-varieties?page=38,False
Rodeo,potato,Viazi,True,https://www.tosci.go.tz/seed-varieties?page=39,False
Rojo,beans,Maharagwe,True,https://www.tosci.go.tz/seed-varieties?page=39,False
ROMA VF,tomato,Nyanya,True,https://www.tosci.go.tz/seed-varieties?page=39,False
ROMUS F1,cabbage,Kabichi,True,https://www.tosci.go.tz/seed-varieties?page=39,False
Rosenda,beans,Maharagwe,True,https://www.tosci.go.tz/seed-varieties?page=39,False
Rossy F1,cabbage,Kabichi,True,https://www.tosci.go.tz/seed-varieties?page=39,False
Royal 703 F1,tomato,Nyanya,True,https://www.tosci.go.tz/seed-varieties?page=39,False
Royal 705 F1,tomato,Nyanya,True,https://www.tosci.go.tz/seed-varieties?page=39,False
RUBY F1,tomato,Nyanya,True,https://www.tosci.go.tz/seed-varieties?page=39,False
RUBY-PERFECTION F1,cabbage,Kabichi,True,https://www.tosci.go.tz/seed-varieties?page=39,False
Rumba,potato,Viazi,True,https://www.tosci.go.tz/seed-varieties?page=39,False
Rungwe,ethiopian,Ethiopian Mustard,True,https://www.tosci.go.tz/seed-varieties?page=39,False
RUSSET F1,onion,Vitunguu,True,https://www.tosci.go.tz/seed-varieties?page=39,False
S1,maize,Mahindi,True,https://www.tosci.go.tz/seed-varieties?page=39,False
S3,maize,Mahindi,True,https://www.tosci.go.tz/seed-varieties?page=39,False
SAFA F1,tomato,Nyanya,True,https://www.tosci.go.tz/seed-varieties?page=39,False
SAFARI F1,papaya,Papai,True,https://www.tosci.go.tz/seed-varieties?page=39,False
SAFI F1,pumpkin,Boga,True,https://www.tosci.go.tz/seed-varieties?page=39,False
Sagita,potato,Viazi,True,https://www.tosci.go.tz/seed-varieties?page=39,False
SAHEM,pepper,Pilipili,True,https://www.tosci.go.tz/seed-varieties?page=39,False
SAIDAH,pepper,Pilipili,True,https://www.tosci.go.tz/seed-varieties?page=40,False
SAKILA20,beans,Maharagwe,True,https://www.tosci.go.tz/seed-varieties?page=40,False
Salina F1,tomato,Nyanya,True,https://www.tosci.go.tz/seed-varieties?page=40,False
SAMANTHA,beans,Maharagwe,True,https://www.tosci.go.tz/seed-varieties?page=40,False
Sana F1,tomato,Nyanya,True,https://www.tosci.go.tz/seed-varieties?page=40,False
SANGE SOYA 01,soybean,Soya,True,https://www.tosci.go.tz/seed-varieties?page=40,False
SANTA F1,pepper,Pilipili,True,https://www.tosci.go.tz/seed-varieties?page=40,False
Santorini F1,pepper,Pilipili,True,https://www.tosci.go.tz/seed-varieties?page=40,False
Sawia 98 (Virginia),ground,Ground Nut,True,https://www.tosci.go.tz/seed-varieties?page=40,False
SC 303,maize,Mahindi,True,https://www.tosci.go.tz/seed-varieties?page=40,False
SC 403,maize,Mahindi,True,https://www.tosci.go.tz/seed-varieties?page=40,False
SC 407,maize,Mahindi,True,https://www.tosci.go.tz/seed-varieties?page=40,False
SC 419,maize,Mahindi,True,https://www.tosci.go.tz/seed-varieties?page=40,False
SC 513,maize,Mahindi,True,https://www.tosci.go.tz/seed-varieties?page=40,False
SC 529,maize,Mahindi,True,https://www.tosci.go.tz/seed-varieties?page=40,False
SC 533,maize,Mahindi,True,https://www.tosci.go.tz/seed-varieties?page=40,False
SC 608,maize,Mahindi,True,https://www.tosci.go.tz/seed-varieties?page=40,False
SC 627,maize,Mahindi,True,https://www.tosci.go.tz/seed-varieties?page=40,False
SC 633,maize,Mahindi,True,https://www.tosci.go.tz/seed-varieties?page=40,False
SC 637,maize,Mahindi,True,https://www.tosci.go.tz/seed-varieties?page=41,False
SC 713,maize,Mahindi,True,https://www.tosci.go.tz/seed-varieties?page=41,False
SC 719,maize,Mahindi,True,https://www.tosci.go.tz/seed-varieties?page=41,False
SC 727,maize,Mahindi,True,https://www.tosci.go.tz/seed-varieties?page=41,False
Sc Bounty,beans,Maharagwe,True,https://www.tosci.go.tz/seed-varieties?page=41,False
SC Nduna,wheat,Ngano,True,https://www.tosci.go.tz/seed-varieties?page=41,False
SC Orion,ground,Ground Nut,True,https://www.tosci.go.tz/seed-varieties?page=41,False
Sc Saxon,soybean,Soya,True,https://www.tosci.go.tz/seed-varieties?page=41,False
Sc Semeki,soybean,Soya,True,https://www.tosci.go.tz/seed-varieties?page=41,False
SC Shaku,sorghum,Mtama,True,https://www.tosci.go.tz/seed-varieties?page=41,False
SC Shime,wheat,Ngano,True,https://www.tosci.go.tz/seed-varieties?page=41,False
Sc Signal,soybean,Soya,True,https://www.tosci.go.tz/seed-varieties?page=41,False
SEGAR F1,tomato,Nyanya,True,https://www.tosci.go.tz/seed-varieties?page=41,False
Selian 05,beans,Maharagwe,True,https://www.tosci.go.tz/seed-varieties?page=41,False
SELIAN 06,beans,Maharagwe,True,https://www.tosci.go.tz/seed-varieties?page=41,False
SELIAN 09,beans,Maharagwe,True,https://www.tosci.go.tz/seed-varieties?page=41,False
SELIAN 10,beans,Maharagwe,True,https://www.tosci.go.tz/seed-varieties?page=41,False
SELIAN 11,beans,Maharagwe,True,https://www.tosci.go.tz/seed-varieties?page=41,False
SELIAN 12,beans,Maharagwe,True,https://www.tosci.go.tz/seed-varieties?page=41,False
SELIAN 13,beans,Maharagwe,True,https://www.tosci.go.tz/seed-varieties?page=42,False
SELIAN 14,beans,Maharagwe,True,https://www.tosci.go.tz/seed-varieties?page=42,False
SELIAN 15,beans,Maharagwe,True,https://www.tosci.go.tz/seed-varieties?page=42,False
Selian 87,wheat,Ngano,True,https://www.tosci.go.tz/seed-varieties?page=42,False
Selian 94,beans,Maharagwe,True,https://www.tosci.go.tz/seed-varieties?page=42,False
Selian 97,beans,Maharagwe,True,https://www.tosci.go.tz/seed-varieties?page=42,False
SELIAN H208,maize,Mahindi,True,https://www.tosci.go.tz/seed-varieties?page=42,False
Selian H215,maize,Mahindi,True,https://www.tosci.go.tz/seed-varieties?page=42,False
SELIAN H308,maize,Mahindi,True,https://www.tosci.go.tz/seed-varieties?page=42,False
Serena,sorghum,Mtama,True,https://www.tosci.go.tz/seed-varieties?page=42,False
SHABIKI,watermelon,Tikiti Maji,True,https://www.tosci.go.tz/seed-varieties?page=42,False
Shangwe,wheat,Ngano,True,https://www.tosci.go.tz/seed-varieties?page=42,False
Shani F1,kale,Sukuma Wiki,True,https://www.tosci.go.tz/seed-varieties?page=42,False
SHANTY F1,tomato,Nyanya,True,https://www.tosci.go.tz/seed-varieties?page=42,False
SHELTER RZ F1,tomato,Nyanya,True,https://www.tosci.go.tz/seed-varieties?page=42,False
Sherekea,potato,Viazi,True,https://www.tosci.go.tz/seed-varieties?page=42,False
Shibe,millet,Uwele,True,https://www.tosci.go.tz/seed-varieties?page=42,False
Shinje,ground,Ground Nut,True,https://www.tosci.go.tz/seed-varieties?page=42,False
SHIRA,barley,Shayiri,True,https://www.tosci.go.tz/seed-varieties?page=42,False
Shirikure,sorghum,Mtama,True,https://www.tosci.go.tz/seed-varieties?page=42,False
Sifa,wheat,Ngano,True,https://www.tosci.go.tz/seed-varieties?page=43,False
SIFA F1,tomato,Nyanya,True,https://www.tosci.go.tz/seed-varieties?page=43,False
Sifra,potato,Viazi,True,https://www.tosci.go.tz/seed-varieties?page=43,False
Sila,sorghum,Mtama,True,https://www.tosci.go.tz/seed-varieties?page=43,False
Simama,potato,Viazi,True,https://www.tosci.go.tz/seed-varieties?page=43,False
Sinia,potato,Viazi,True,https://www.tosci.go.tz/seed-varieties?page=43,False
SINTA F1,papaya,Papai,True,https://www.tosci.go.tz/seed-varieties?page=43,False
Situka  2,maize,Mahindi,True,https://www.tosci.go.tz/seed-varieties?page=43,False
Situka-M1,maize,Mahindi,True,https://www.tosci.go.tz/seed-varieties?page=43,False
SNOW BALL 1,cabbage,Kabichi,True,https://www.tosci.go.tz/seed-varieties?page=43,False
SOLEADO,sunflower,Alizeti,True,https://www.tosci.go.tz/seed-varieties?page=43,False
Soya Uyole-1,soybean,Soya,True,https://www.tosci.go.tz/seed-varieties?page=43,False
Soya Uyole-3,soybean,Soya,True,https://www.tosci.go.tz/seed-varieties?page=43,False
SPARK F1,pak,Pak Choi,True,https://www.tosci.go.tz/seed-varieties?page=43,False
Spiner F1,collard,Collard,True,https://www.tosci.go.tz/seed-varieties?page=43,False
SSG 564,barley,Shayiri,True,https://www.tosci.go.tz/seed-varieties?page=43,False
Staha,maize,Mahindi,True,https://www.tosci.go.tz/seed-varieties?page=43,False
STALLION F1,tomato,Nyanya,True,https://www.tosci.go.tz/seed-varieties?page=43,False
STARLET.,pepper,Pilipili,True,https://www.tosci.go.tz/seed-varieties?page=43,False
STETHAM RZ F1,blanched,Blanched Celery,True,https://www.tosci.go.tz/seed-varieties?page=43,False
STEVE F1,tomato,Nyanya,True,https://www.tosci.go.tz/seed-varieties?page=44,False
STONEWALL F1,cucumber,Tango,True,https://www.tosci.go.tz/seed-varieties?page=44,False
SUA Kalima,beans,Maharagwe,True,https://www.tosci.go.tz/seed-varieties?page=44,False
SUA-AMAR1,amaranth,Amaranth,True,https://www.tosci.go.tz/seed-varieties?page=44,False
SUABRL4,beans,Maharagwe,True,https://www.tosci.go.tz/seed-varieties?page=44,False
SUABRL9,beans,Maharagwe,True,https://www.tosci.go.tz/seed-varieties?page=44,False
Subira,barley,Shayiri,True,https://www.tosci.go.tz/seed-varieties?page=44,False
SUGAR BABY,watermelon,Tikiti Maji,True,https://www.tosci.go.tz/seed-varieties?page=44,False
SUGAR KING F1,maize,Mahindi,True,https://www.tosci.go.tz/seed-varieties?page=44,False
SUGAR QUEEN F1,watermelon,Tikiti Maji,True,https://www.tosci.go.tz/seed-varieties?page=44,False
SUKARI F1,watermelon,Tikiti Maji,True,https://www.tosci.go.tz/seed-varieties?page=44,False
SULTAN F1,tomato,Nyanya,True,https://www.tosci.go.tz/seed-varieties?page=44,False
Suma,cassava,Muhogo,True,https://www.tosci.go.tz/seed-varieties?page=44,False
Supa,rice,Mchele/Mpunga,True,https://www.tosci.go.tz/seed-varieties?page=44,False
SUPER BELL F1,pepper,Pilipili,True,https://www.tosci.go.tz/seed-varieties?page=44,False
SUPER HABANERO F1,pepper,Pilipili,True,https://www.tosci.go.tz/seed-varieties?page=44,False
SUPERSUN 64,sunflower,Alizeti,True,https://www.tosci.go.tz/seed-varieties?page=44,False
SUPERSUN 66,sunflower,Alizeti,True,https://www.tosci.go.tz/seed-varieties?page=44,False
SV 7030NS,onion,Vitunguu,True,https://www.tosci.go.tz/seed-varieties?page=44,False
SV1541GA,beans,Maharagwe,True,https://www.tosci.go.tz/seed-varieties?page=45,False
SV1865PB,pepper,Pilipili,True,https://www.tosci.go.tz/seed-varieties?page=45,False
SVTE6653,tomato,Nyanya,True,https://www.tosci.go.tz/seed-varieties?page=45,False
SVTE8805,tomato,Nyanya,True,https://www.tosci.go.tz/seed-varieties?page=45,False
SWADESHI 24 F1,tomato,Nyanya,True,https://www.tosci.go.tz/seed-varieties?page=45,False
SWADESHI 40 F1,tomato,Nyanya,True,https://www.tosci.go.tz/seed-varieties?page=45,False
SWADESHI 66 F1,tomato,Nyanya,True,https://www.tosci.go.tz/seed-varieties?page=45,False
SWADESHI F1,tomato,Nyanya,True,https://www.tosci.go.tz/seed-varieties?page=45,False
SWEETIE F1,watermelon,Tikiti Maji,True,https://www.tosci.go.tz/seed-varieties?page=45,False
Swingma,african,African Nightshade,True,https://www.tosci.go.tz/seed-varieties?page=45,False
SY 455,maize,Mahindi,True,https://www.tosci.go.tz/seed-varieties?page=45,False
SY 5054,maize,Mahindi,True,https://www.tosci.go.tz/seed-varieties?page=45,False
SY 514,maize,Mahindi,True,https://www.tosci.go.tz/seed-varieties?page=45,False
SY 5344,maize,Mahindi,True,https://www.tosci.go.tz/seed-varieties?page=45,False
SY 614,maize,Mahindi,True,https://www.tosci.go.tz/seed-varieties?page=45,False
SY 624,maize,Mahindi,True,https://www.tosci.go.tz/seed-varieties?page=45,False
SY 634,maize,Mahindi,True,https://www.tosci.go.tz/seed-varieties?page=45,False
SY 6444,maize,Mahindi,True,https://www.tosci.go.tz/seed-varieties?page=45,False
SY 734,maize,Mahindi,True,https://www.tosci.go.tz/seed-varieties?page=45,False
T-279,barley,Shayiri,True,https://www.tosci.go.tz/seed-varieties?page=45,False
T. Tembo,triticale,Triticale,True,https://www.tosci.go.tz/seed-varieties?page=46,False
T104,maize,Mahindi,True,https://www.tosci.go.tz/seed-varieties?page=46,False
T105,maize,Mahindi,True,https://www.tosci.go.tz/seed-varieties?page=46,False
T128 IS F1,tomato,Nyanya,True,https://www.tosci.go.tz/seed-varieties?page=46,False
T129 IS F1,tomato,Nyanya,True,https://www.tosci.go.tz/seed-varieties?page=46,False
T130 IS F1,tomato,Nyanya,True,https://www.tosci.go.tz/seed-varieties?page=46,False
T131 IS F1,tomato,Nyanya,True,https://www.tosci.go.tz/seed-varieties?page=46,False
T135 IS F1,tomato,Nyanya,True,https://www.tosci.go.tz/seed-varieties?page=46,False
TACOMA RZ F1,cabbage,Kabichi,True,https://www.tosci.go.tz/seed-varieties?page=46,False
TaCRI1F,coffee,Kahawa,True,https://www.tosci.go.tz/seed-varieties?page=46,False
TaCRI3F,coffee,Kahawa,True,https://www.tosci.go.tz/seed-varieties?page=46,False
TaCRI4F,coffee,Kahawa,True,https://www.tosci.go.tz/seed-varieties?page=46,False
TaCRI6F,coffee,Kahawa,True,https://www.tosci.go.tz/seed-varieties?page=46,False
TAHOE,cabbage,Kabichi,True,https://www.tosci.go.tz/seed-varieties?page=46,False
Tai,rice,Mchele/Mpunga,True,https://www.tosci.go.tz/seed-varieties?page=46,False
TAJIRIKA,onion,Vitunguu,True,https://www.tosci.go.tz/seed-varieties?page=46,False
TALIRIALFA1,lucerne,Lucerne,True,https://www.tosci.go.tz/seed-varieties?page=46,False
TALIRICENCH1,buffel,Buffel Grass,True,https://www.tosci.go.tz/seed-varieties?page=46,False
TALIRICHLO1,greenleaf,Greenleaf Desmodium,True,https://www.tosci.go.tz/seed-varieties?page=46,False
TALIRIDESMO1,buffel,Buffel Grass,True,https://www.tosci.go.tz/seed-varieties?page=47,False
TALIRIMACRO1,siratro,Siratro,True,https://www.tosci.go.tz/seed-varieties?page=47,False
TAN 222,maize,Mahindi,True,https://www.tosci.go.tz/seed-varieties?page=47,False
TAN 250,maize,Mahindi,True,https://www.tosci.go.tz/seed-varieties?page=47,False
TAN 254,maize,Mahindi,True,https://www.tosci.go.tz/seed-varieties?page=47,False
TAN H600,maize,Mahindi,True,https://www.tosci.go.tz/seed-varieties?page=47,False
TAN H611,maize,Mahindi,True,https://www.tosci.go.tz/seed-varieties?page=47,False
TANA,cabbage,Kabichi,True,https://www.tosci.go.tz/seed-varieties?page=47,False
TANBAM 2013,cowpea,Choroko,True,https://www.tosci.go.tz/seed-varieties?page=47,False
TANDI F1,tomato,Nyanya,True,https://www.tosci.go.tz/seed-varieties?page=47,False
Tanya,tomato,Nyanya,True,https://www.tosci.go.tz/seed-varieties?page=47,False
TANZANUT 2016,ground,Ground Nut,True,https://www.tosci.go.tz/seed-varieties?page=47,False
TAR SOR 4,sorghum,Mtama,True,https://www.tosci.go.tz/seed-varieties?page=47,False
TAR-RIC2,rice,Mchele/Mpunga,True,https://www.tosci.go.tz/seed-varieties?page=47,False
TARI AMAR2,amaranth,Amaranth,True,https://www.tosci.go.tz/seed-varieties?page=47,False
TARI SOR 3,sorghum,Mtama,True,https://www.tosci.go.tz/seed-varieties?page=47,False
TARI SOR 5,sorghum,Mtama,True,https://www.tosci.go.tz/seed-varieties?page=47,False
TARI SOR 6,sorghum,Mtama,True,https://www.tosci.go.tz/seed-varieties?page=47,False
TARI SOR 7,sorghum,Mtama,True,https://www.tosci.go.tz/seed-varieties?page=47,False
TARI-AMAR1,other,Nyingine,True,https://www.tosci.go.tz/seed-varieties?page=47,False
TARI-CASS1,cassava,Muhogo,True,https://www.tosci.go.tz/seed-varieties?page=48,False
TARI-CASS2,cassava,Muhogo,True,https://www.tosci.go.tz/seed-varieties?page=48,False
TARI-CASS3,cassava,Muhogo,True,https://www.tosci.go.tz/seed-varieties?page=48,False
TARI-CASS4,cassava,Muhogo,True,https://www.tosci.go.tz/seed-varieties?page=48,False
TARI-CASS5,cassava,Muhogo,True,https://www.tosci.go.tz/seed-varieties?page=48,False
TARI-FM1,finger millet,Ulezi,True,https://www.tosci.go.tz/seed-varieties?page=48,False
TARI-G-GRAM 3,cowpea,Choroko,True,https://www.tosci.go.tz/seed-varieties?page=48,False
TARI-G-GRAM 4,cowpea,Choroko,True,https://www.tosci.go.tz/seed-varieties?page=48,False
TARI-G-GRAM 5,cowpea,Choroko,True,https://www.tosci.go.tz/seed-varieties?page=48,False
TARI-G-GRAM1,cowpea,Choroko,True,https://www.tosci.go.tz/seed-varieties?page=48,False
TARI-G-GRAM2,cowpea,Choroko,True,https://www.tosci.go.tz/seed-varieties?page=48,False
TARI-ILO 2019,sunflower,Alizeti,True,https://www.tosci.go.tz/seed-varieties?page=48,False
TARI-NAL2019,sunflower,Alizeti,True,https://www.tosci.go.tz/seed-varieties?page=48,False
TARI-RIC1,rice,Mchele/Mpunga,True,https://www.tosci.go.tz/seed-varieties?page=48,False
TARI-RIC3,rice,Mchele/Mpunga,True,https://www.tosci.go.tz/seed-varieties?page=48,False
TARI-SP1,potato,Viazi,True,https://www.tosci.go.tz/seed-varieties?page=48,False
TARI-SP2,potato,Viazi,True,https://www.tosci.go.tz/seed-varieties?page=48,False
TARI-SP3,potato,Viazi,True,https://www.tosci.go.tz/seed-varieties?page=48,False
TARI-SP4,potato,Viazi,True,https://www.tosci.go.tz/seed-varieties?page=48,False
TARI-SP5,potato,Viazi,True,https://www.tosci.go.tz/seed-varieties?page=48,False
TARI-SP6,potato,Viazi,True,https://www.tosci.go.tz/seed-varieties?page=49,False
TARI-WHEAT1,wheat,Ngano,True,https://www.tosci.go.tz/seed-varieties?page=49,False
TARI-WHEAT2,wheat,Ngano,True,https://www.tosci.go.tz/seed-varieties?page=49,False
TARIBAN1,banana,Ndizi,True,https://www.tosci.go.tz/seed-varieties?page=49,False
TARIBAN2,banana,Ndizi,True,https://www.tosci.go.tz/seed-varieties?page=49,False
TARIBAN3,banana,Ndizi,True,https://www.tosci.go.tz/seed-varieties?page=49,False
TARIBAN4,banana,Ndizi,True,https://www.tosci.go.tz/seed-varieties?page=49,False
TARIBEAN1,beans,Maharagwe,True,https://www.tosci.go.tz/seed-varieties?page=49,False
TARIBEAN10,beans,Maharagwe,True,https://www.tosci.go.tz/seed-varieties?page=49,False
TARIBEAN11,beans,Maharagwe,True,https://www.tosci.go.tz/seed-varieties?page=49,False
TARIBEAN2,beans,Maharagwe,True,https://www.tosci.go.tz/seed-varieties?page=49,False
TARIBEAN3,beans,Maharagwe,True,https://www.tosci.go.tz/seed-varieties?page=49,False
TARIBEAN4,beans,Maharagwe,True,https://www.tosci.go.tz/seed-varieties?page=49,False
TARIBEAN5,beans,Maharagwe,True,https://www.tosci.go.tz/seed-varieties?page=49,False
TARIBEAN6,beans,Maharagwe,True,https://www.tosci.go.tz/seed-varieties?page=49,False
TARIBEAN7,beans,Maharagwe,True,https://www.tosci.go.tz/seed-varieties?page=49,False
TARIBEAN8,beans,Maharagwe,True,https://www.tosci.go.tz/seed-varieties?page=49,False
TARIBEAN9,beans,Maharagwe,True,https://www.tosci.go.tz/seed-varieties?page=49,False
TARICHIL 1,pepper,Pilipili,True,https://www.tosci.go.tz/seed-varieties?page=49,False
TARICHIL 2,pepper,Pilipili,True,https://www.tosci.go.tz/seed-varieties?page=49,False
TARICHIL 3,pepper,Pilipili,True,https://www.tosci.go.tz/seed-varieties?page=50,False
TARICHIL 4,pepper,Pilipili,True,https://www.tosci.go.tz/seed-varieties?page=50,False
TARICHIL 5,pepper,Pilipili,True,https://www.tosci.go.tz/seed-varieties?page=50,False
TARIHABANERO 1,pepper,Pilipili,True,https://www.tosci.go.tz/seed-varieties?page=50,False
TARIHABANERO 2,pepper,Pilipili,True,https://www.tosci.go.tz/seed-varieties?page=50,False
TARIHABANERO 3,pepper,Pilipili,True,https://www.tosci.go.tz/seed-varieties?page=50,False
TARIHOHO 1,pepper,Pilipili,True,https://www.tosci.go.tz/seed-varieties?page=50,False
TARIHOHO 2,pepper,Pilipili,True,https://www.tosci.go.tz/seed-varieties?page=50,False
TARIHOHO 3,pepper,Pilipili,True,https://www.tosci.go.tz/seed-varieties?page=50,False
TARIHOHO 4,pepper,Pilipili,True,https://www.tosci.go.tz/seed-varieties?page=50,False
TARIHOHO 5,pepper,Pilipili,True,https://www.tosci.go.tz/seed-varieties?page=50,False
TARIKA1,ground,Ground Nut,True,https://www.tosci.go.tz/seed-varieties?page=50,False
TARIKA2,ground,Ground Nut,True,https://www.tosci.go.tz/seed-varieties?page=50,False
TARIKO- 1,cashew,Korosho,True,https://www.tosci.go.tz/seed-varieties?page=50,False
TARIKO- 2,cashew,Korosho,True,https://www.tosci.go.tz/seed-varieties?page=50,False
TARIKO- 3,cashew,Korosho,True,https://www.tosci.go.tz/seed-varieties?page=50,False
TARIKO- 4,cashew,Korosho,True,https://www.tosci.go.tz/seed-varieties?page=50,False
TARIKO- 5,cashew,Korosho,True,https://www.tosci.go.tz/seed-varieties?page=50,False
TARIKO- 6,cashew,Korosho,True,https://www.tosci.go.tz/seed-varieties?page=50,False
TARIKO- 7,cashew,Korosho,True,https://www.tosci.go.tz/seed-varieties?page=50,False
TARIKO- 8,cashew,Korosho,True,https://www.tosci.go.tz/seed-varieties?page=51,False
TARINGOGWE1,african,African Eggplant,True,https://www.tosci.go.tz/seed-varieties?page=51,False
TARINGOGWE2,african,African Eggplant,True,https://www.tosci.go.tz/seed-varieties?page=51,False
TARINGOGWE3,african,African Eggplant,True,https://www.tosci.go.tz/seed-varieties?page=51,False
TARISCA1,sugarcane,Miwa,True,https://www.tosci.go.tz/seed-varieties?page=51,False
TARISCA2,sugarcane,Miwa,True,https://www.tosci.go.tz/seed-varieties?page=51,False
TARISOR1,sorghum,Mtama,True,https://www.tosci.go.tz/seed-varieties?page=51,False
TARISOR2,sorghum,Mtama,True,https://www.tosci.go.tz/seed-varieties?page=51,False
TARISP7,potato,Viazi,True,https://www.tosci.go.tz/seed-varieties?page=51,False
TARISP8,potato,Viazi,True,https://www.tosci.go.tz/seed-varieties?page=51,False
TARITOM1,tomato,Nyanya,True,https://www.tosci.go.tz/seed-varieties?page=51,False
TARITOM2,tomato,Nyanya,True,https://www.tosci.go.tz/seed-varieties?page=51,False
TARITOM3,tomato,Nyanya,True,https://www.tosci.go.tz/seed-varieties?page=51,False
TARITOM4,tomato,Nyanya,True,https://www.tosci.go.tz/seed-varieties?page=51,False
TARITOM5,tomato,Nyanya,True,https://www.tosci.go.tz/seed-varieties?page=51,False
TARITOM6,tomato,Nyanya,True,https://www.tosci.go.tz/seed-varieties?page=51,False
TARIZAB 1,grapevine,Grapevine,True,https://www.tosci.go.tz/seed-varieties?page=51,False
TARIZAB 2,grapevine,Grapevine,True,https://www.tosci.go.tz/seed-varieties?page=51,False
TARIZAB 3,grapevine,Grapevine,True,https://www.tosci.go.tz/seed-varieties?page=51,False
TARIZAB 4,grapevine,Grapevine,True,https://www.tosci.go.tz/seed-varieties?page=51,False
TARIZAB 5,grapevine,Grapevine,True,https://www.tosci.go.tz/seed-varieties?page=52,False
Taurus,potato,Viazi,True,https://www.tosci.go.tz/seed-varieties?page=52,False
Tausi,wheat,Ngano,True,https://www.tosci.go.tz/seed-varieties?page=52,False
TDC1,cashew,Korosho,True,https://www.tosci.go.tz/seed-varieties?page=52,False
TDC10,cashew,Korosho,True,https://www.tosci.go.tz/seed-varieties?page=52,False
TDC12,cashew,Korosho,True,https://www.tosci.go.tz/seed-varieties?page=52,False
TDC13,cashew,Korosho,True,https://www.tosci.go.tz/seed-varieties?page=52,False
TDC14,cashew,Korosho,True,https://www.tosci.go.tz/seed-varieties?page=52,False
TDC15,cashew,Korosho,True,https://www.tosci.go.tz/seed-varieties?page=52,False
TDC16,cashew,Korosho,True,https://www.tosci.go.tz/seed-varieties?page=52,False
TDC2,cashew,Korosho,True,https://www.tosci.go.tz/seed-varieties?page=52,False
TDC22,cashew,Korosho,True,https://www.tosci.go.tz/seed-varieties?page=52,False
TDC23,cashew,Korosho,True,https://www.tosci.go.tz/seed-varieties?page=52,False
TDC24,cashew,Korosho,True,https://www.tosci.go.tz/seed-varieties?page=52,False
TDC3,cashew,Korosho,True,https://www.tosci.go.tz/seed-varieties?page=52,False
TDC4,cashew,Korosho,True,https://www.tosci.go.tz/seed-varieties?page=52,False
TDC7,cashew,Korosho,True,https://www.tosci.go.tz/seed-varieties?page=52,False
TDC8,cashew,Korosho,True,https://www.tosci.go.tz/seed-varieties?page=52,False
TDC9,cashew,Korosho,True,https://www.tosci.go.tz/seed-varieties?page=52,False
Tegemeo,sorghum,Mtama,True,https://www.tosci.go.tz/seed-varieties?page=52,False
Tegetes,ornamental,Ornamental Flower,True,https://www.tosci.go.tz/seed-varieties?page=53,False
Tejakali F1,pepper,Pilipili,True,https://www.tosci.go.tz/seed-varieties?page=53,False
TELEX RZ,lettuce,Saladi,True,https://www.tosci.go.tz/seed-varieties?page=53,False
Tembo,wheat,Ngano,True,https://www.tosci.go.tz/seed-varieties?page=53,False
Tengeru,potato,Viazi,True,https://www.tosci.go.tz/seed-varieties?page=53,False
Tengeru 2010,tomato,Nyanya,True,https://www.tosci.go.tz/seed-varieties?page=53,False
Tengeru 97,tomato,Nyanya,True,https://www.tosci.go.tz/seed-varieties?page=53,False
TENGERU SUPREME,tomato,Nyanya,True,https://www.tosci.go.tz/seed-varieties?page=53,False
Tengeru200 F1,tomato,Nyanya,True,https://www.tosci.go.tz/seed-varieties?page=53,False
TERESA,beans,Maharagwe,True,https://www.tosci.go.tz/seed-varieties?page=53,False
TERMINATOR,tomato,Nyanya,True,https://www.tosci.go.tz/seed-varieties?page=53,False
TETE NOIR,cabbage,Kabichi,True,https://www.tosci.go.tz/seed-varieties?page=53,False
TEXAS GRANO,onion,Vitunguu,True,https://www.tosci.go.tz/seed-varieties?page=53,False
TH 501,maize,Mahindi,True,https://www.tosci.go.tz/seed-varieties?page=53,False
TH 617,maize,Mahindi,True,https://www.tosci.go.tz/seed-varieties?page=53,False
TH 619,maize,Mahindi,True,https://www.tosci.go.tz/seed-varieties?page=53,False
THEMISTO,wild,Wild Rocket,True,https://www.tosci.go.tz/seed-varieties?page=53,False
TIEZO,beans,Maharagwe,True,https://www.tosci.go.tz/seed-varieties?page=53,False
TMT044,tomato,Nyanya,True,https://www.tosci.go.tz/seed-varieties?page=53,False
TMT857,tomato,Nyanya,True,https://www.tosci.go.tz/seed-varieties?page=53,False
TMV - 1,maize,Mahindi,True,https://www.tosci.go.tz/seed-varieties?page=54,False
TMV - 2,maize,Mahindi,True,https://www.tosci.go.tz/seed-varieties?page=54,False
TO-100 F1,tomato,Nyanya,True,https://www.tosci.go.tz/seed-varieties?page=54,False
TO-120,tomato,Nyanya,True,https://www.tosci.go.tz/seed-varieties?page=54,False
TO-135,tomato,Nyanya,True,https://www.tosci.go.tz/seed-varieties?page=54,False
TO150,tomato,Nyanya,True,https://www.tosci.go.tz/seed-varieties?page=54,False
TOM44/20 F1,tomato,Nyanya,True,https://www.tosci.go.tz/seed-varieties?page=54,False
TOMATO NO 575,tomato,Nyanya,True,https://www.tosci.go.tz/seed-varieties?page=54,False
Tongla F1,eggplant,Eggplant,True,https://www.tosci.go.tz/seed-varieties?page=54,False
TOP WHITE GLOBE,kale,Sukuma Wiki,True,https://www.tosci.go.tz/seed-varieties?page=54,False
Tornado F1,tomato,Nyanya,True,https://www.tosci.go.tz/seed-varieties?page=54,False
TRD 17,tobacco,Tumbaku,True,https://www.tosci.go.tz/seed-varieties?page=54,False
Treopaoelum,ornamental,Ornamental Flower,True,https://www.tosci.go.tz/seed-varieties?page=54,False
TRFK 301/5,tea,Chai,True,https://www.tosci.go.tz/seed-varieties?page=54,False
TRFK 303/178,tea,Chai,True,https://www.tosci.go.tz/seed-varieties?page=54,False
TRFK 381/5,tea,Chai,True,https://www.tosci.go.tz/seed-varieties?page=54,False
TRFK 430/63,tea,Chai,True,https://www.tosci.go.tz/seed-varieties?page=54,False
TRIT 201/16,tea,Chai,True,https://www.tosci.go.tz/seed-varieties?page=54,False
TRIT 201/43,tea,Chai,True,https://www.tosci.go.tz/seed-varieties?page=54,False
TRIT 201/44,tea,Chai,True,https://www.tosci.go.tz/seed-varieties?page=54,False
TRIT 201/55,tea,Chai,True,https://www.tosci.go.tz/seed-varieties?page=55,False
Trophy,wheat,Ngano,True,https://www.tosci.go.tz/seed-varieties?page=55,False
TROPICANA,cabbage,Kabichi,True,https://www.tosci.go.tz/seed-varieties?page=55,False
TSAVORITE F1,cabbage,Kabichi,True,https://www.tosci.go.tz/seed-varieties?page=55,False
Tumaini,cowpea,Choroko,True,https://www.tosci.go.tz/seed-varieties?page=55,False
Tumia,pigeon pea,Mbaazi,True,https://www.tosci.go.tz/seed-varieties?page=55,False
Tuxpeno,maize,Mahindi,True,https://www.tosci.go.tz/seed-varieties?page=55,False
Twistma,cabbage,Kabichi,True,https://www.tosci.go.tz/seed-varieties?page=55,False
TXD 306 (SARO 5),rice,Mchele/Mpunga,True,https://www.tosci.go.tz/seed-varieties?page=55,False
TXD 85,rice,Mchele/Mpunga,True,https://www.tosci.go.tz/seed-varieties?page=55,False
TXD 88,rice,Mchele/Mpunga,True,https://www.tosci.go.tz/seed-varieties?page=55,False
TYLKA,tomato,Nyanya,True,https://www.tosci.go.tz/seed-varieties?page=55,False
TZH 417,maize,Mahindi,True,https://www.tosci.go.tz/seed-varieties?page=55,False
TZH 526,maize,Mahindi,True,https://www.tosci.go.tz/seed-varieties?page=55,False
TZH 538,maize,Mahindi,True,https://www.tosci.go.tz/seed-varieties?page=55,False
TZM 523,maize,Mahindi,True,https://www.tosci.go.tz/seed-varieties?page=55,False
U15,finger millet,Ulezi,True,https://www.tosci.go.tz/seed-varieties?page=55,False
UCA,maize,Mahindi,True,https://www.tosci.go.tz/seed-varieties?page=55,False
UFM 149,finger millet,Ulezi,True,https://www.tosci.go.tz/seed-varieties?page=55,False
UH 6303,maize,Mahindi,True,https://www.tosci.go.tz/seed-varieties?page=55,False
UH615ST,maize,Mahindi,True,https://www.tosci.go.tz/seed-varieties?page=56,False
UH6305,maize,Mahindi,True,https://www.tosci.go.tz/seed-varieties?page=56,False
UHS 401,maize,Mahindi,True,https://www.tosci.go.tz/seed-varieties?page=56,False
UHS 5210,maize,Mahindi,True,https://www.tosci.go.tz/seed-varieties?page=56,False
UHS 5350,maize,Mahindi,True,https://www.tosci.go.tz/seed-varieties?page=56,False
UK 171,cotton,Pamba,True,https://www.tosci.go.tz/seed-varieties?page=56,False
UK 173,cotton,Pamba,True,https://www.tosci.go.tz/seed-varieties?page=56,False
UK O8,cotton,Pamba,True,https://www.tosci.go.tz/seed-varieties?page=56,False
Ukerewe,potato,Viazi,True,https://www.tosci.go.tz/seed-varieties?page=56,False
Ukiriguru 1,peas,Mbaazi Ndogo,True,https://www.tosci.go.tz/seed-varieties?page=56,False
Ukiriguru Lishe 1,potato,Viazi,True,https://www.tosci.go.tz/seed-varieties?page=56,False
UKM 08,cotton,Pamba,True,https://www.tosci.go.tz/seed-varieties?page=56,False
ULT 123,tobacco,Tumbaku,True,https://www.tosci.go.tz/seed-varieties?page=56,False
ULT F 10,tobacco,Tumbaku,True,https://www.tosci.go.tz/seed-varieties?page=56,False
UTAM F1,watermelon,Tikiti Maji,True,https://www.tosci.go.tz/seed-varieties?page=56,False
UWEZO,tomato,Nyanya,True,https://www.tosci.go.tz/seed-varieties?page=56,False
Uyole 04,beans,Maharagwe,True,https://www.tosci.go.tz/seed-varieties?page=56,False
Uyole 16,beans,Maharagwe,True,https://www.tosci.go.tz/seed-varieties?page=56,False
UYOLE 17,beans,Maharagwe,True,https://www.tosci.go.tz/seed-varieties?page=56,False
UYOLE 18,beans,Maharagwe,True,https://www.tosci.go.tz/seed-varieties?page=57,False
Uyole 84,beans,Maharagwe,True,https://www.tosci.go.tz/seed-varieties?page=57,False
Uyole 90,beans,Maharagwe,True,https://www.tosci.go.tz/seed-varieties?page=57,False
Uyole 94,beans,Maharagwe,True,https://www.tosci.go.tz/seed-varieties?page=57,False
Uyole 96,beans,Maharagwe,True,https://www.tosci.go.tz/seed-varieties?page=57,False
Uyole 98,beans,Maharagwe,True,https://www.tosci.go.tz/seed-varieties?page=57,False
Uyole Nyeupe,beans,Maharagwe,True,https://www.tosci.go.tz/seed-varieties?page=57,False
Uyole Sangara,triticale,Triticale,True,https://www.tosci.go.tz/seed-varieties?page=57,False
Uyole Soya 4,soybean,Soya,True,https://www.tosci.go.tz/seed-varieties?page=57,False
VALOURO RZ F1,tomato,Nyanya,True,https://www.tosci.go.tz/seed-varieties?page=57,False
VERDURA,pepper,Pilipili,True,https://www.tosci.go.tz/seed-varieties?page=57,False
VI037614,pepper,Pilipili,True,https://www.tosci.go.tz/seed-varieties?page=57,False
VICTORIA F1,pepper,Pilipili,True,https://www.tosci.go.tz/seed-varieties?page=57,False
VICTORY F1,pepper,Pilipili,True,https://www.tosci.go.tz/seed-varieties?page=57,False
VILLANI F1,tomato,Nyanya,True,https://www.tosci.go.tz/seed-varieties?page=57,False
Viri,wheat,Ngano,True,https://www.tosci.go.tz/seed-varieties?page=57,False
VL-642 F1,tomato,Nyanya,True,https://www.tosci.go.tz/seed-varieties?page=57,False
Voyager,potato,Viazi,True,https://www.tosci.go.tz/seed-varieties?page=57,False
Vuli -I,cowpea,Choroko,True,https://www.tosci.go.tz/seed-varieties?page=57,False
Vuli-2,cowpea,Choroko,True,https://www.tosci.go.tz/seed-varieties?page=58,False
Vuli-3,cowpea,Choroko,True,https://www.tosci.go.tz/seed-varieties?page=58,False
Vuli-4,cowpea,Choroko,True,https://www.tosci.go.tz/seed-varieties?page=58,False
VULI-5AR,cowpea,Choroko,True,https://www.tosci.go.tz/seed-varieties?page=58,False
VULI-6AR,cowpea,Choroko,True,https://www.tosci.go.tz/seed-varieties?page=58,False
Vumba,sorghum,Mtama,True,https://www.tosci.go.tz/seed-varieties?page=58,False
Vumilia,potato,Viazi,True,https://www.tosci.go.tz/seed-varieties?page=58,False
VUMILIA H1,maize,Mahindi,True,https://www.tosci.go.tz/seed-varieties?page=58,False
VUMILIA K1,maize,Mahindi,True,https://www.tosci.go.tz/seed-varieties?page=58,False
W 119 IS F1,watermelon,Tikiti Maji,True,https://www.tosci.go.tz/seed-varieties?page=58,False
W 120 IS F1,watermelon,Tikiti Maji,True,https://www.tosci.go.tz/seed-varieties?page=58,False
WAB450-12-2BLB-DV4,rice,Mchele/Mpunga,True,https://www.tosci.go.tz/seed-varieties?page=58,False
Wahi,sorghum,Mtama,True,https://www.tosci.go.tz/seed-varieties?page=58,False
WALTHAM BUTTERNUT,pumpkin,Boga,True,https://www.tosci.go.tz/seed-varieties?page=58,False
Wanja,beans,Maharagwe,True,https://www.tosci.go.tz/seed-varieties?page=58,False
WARIDI,cabbage,Kabichi,True,https://www.tosci.go.tz/seed-varieties?page=58,False
WE 3102,maize,Mahindi,True,https://www.tosci.go.tz/seed-varieties?page=58,False
WE 3117,maize,Mahindi,True,https://www.tosci.go.tz/seed-varieties?page=58,False
WE 5135,maize,Mahindi,True,https://www.tosci.go.tz/seed-varieties?page=58,False
WE 5141,maize,Mahindi,True,https://www.tosci.go.tz/seed-varieties?page=58,False
WE 7118,maize,Mahindi,True,https://www.tosci.go.tz/seed-varieties?page=59,False
WE 7133,maize,Mahindi,True,https://www.tosci.go.tz/seed-varieties?page=59,False
WE2109,maize,Mahindi,True,https://www.tosci.go.tz/seed-varieties?page=59,False
WE2112,maize,Mahindi,True,https://www.tosci.go.tz/seed-varieties?page=59,False
WE3113,maize,Mahindi,True,https://www.tosci.go.tz/seed-varieties?page=59,False
WE4102,maize,Mahindi,True,https://www.tosci.go.tz/seed-varieties?page=59,False
WE4106,maize,Mahindi,True,https://www.tosci.go.tz/seed-varieties?page=59,False
WE4110,maize,Mahindi,True,https://www.tosci.go.tz/seed-varieties?page=59,False
WE4112,maize,Mahindi,True,https://www.tosci.go.tz/seed-varieties?page=59,False
WE4114,maize,Mahindi,True,https://www.tosci.go.tz/seed-varieties?page=59,False
WE4115,maize,Mahindi,True,https://www.tosci.go.tz/seed-varieties?page=59,False
WH 403,maize,Mahindi,True,https://www.tosci.go.tz/seed-varieties?page=59,False
WH 502,maize,Mahindi,True,https://www.tosci.go.tz/seed-varieties?page=59,False
WH 505,maize,Mahindi,True,https://www.tosci.go.tz/seed-varieties?page=59,False
WH509,maize,Mahindi,True,https://www.tosci.go.tz/seed-varieties?page=59,False
WH605,maize,Mahindi,True,https://www.tosci.go.tz/seed-varieties?page=59,False
WIFI NYEGERA,maharage,Maharage,True,https://www.tosci.go.tz/seed-varieties?page=59,False
XAMAN F1,tomato,Nyanya,True,https://www.tosci.go.tz/seed-varieties?page=59,False
YASH,watermelon,Tikiti Maji,True,https://www.tosci.go.tz/seed-varieties?page=59,False
YOLO WONDER,pepper,Pilipili,True,https://www.tosci.go.tz/seed-varieties?page=59,False
YUNNAN 85,tobacco,Tumbaku,True,https://www.tosci.go.tz/seed-varieties?page=60,False
ZARA F1,tomato,Nyanya,True,https://www.tosci.go.tz/seed-varieties?page=60,False
Zawadi 94,sesame,Ufuta,True,https://www.tosci.go.tz/seed-varieties?page=60,False
ZAWADI F1,watermelon,Tikiti Maji,True,https://www.tosci.go.tz/seed-varieties?page=60,False
ZEBRA F1,watermelon,Tikiti Maji,True,https://www.tosci.go.tz/seed-varieties?page=60,False
Ziada 94,sesame,Ufuta,True,https://www.tosci.go.tz/seed-varieties?page=60,False
Zinia,ornamental,Ornamental Flower,True,https://www.tosci.go.tz/seed-varieties?page=60,False
ZIYA F1,tomato,Nyanya,True,https://www.tosci.go.tz/seed-varieties?page=60,False
ZMS 402,maize,Mahindi,True,https://www.tosci.go.tz/seed-varieties?page=60,False
ZMS 405,maize,Mahindi,True,https://www.tosci.go.tz/seed-varieties?page=60,False
ZMS 520,maize,Mahindi,True,https://www.tosci.go.tz/seed-varieties?page=60,False
ZMS 528,maize,Mahindi,True,https://www.tosci.go.tz/seed-varieties?page=60,False
ZMS 606,maize,Mahindi,True,https://www.tosci.go.tz/seed-varieties?page=60,False
ZMS 623,maize,Mahindi,True,https://www.tosci.go.tz/seed-varieties?page=60,False
ZMS 638,maize,Mahindi,True,https://www.tosci.go.tz/seed-varieties?page=60,False
ZMS 702,maize,Mahindi,True,https://www.tosci.go.tz/seed-varieties?page=60,False
ZMS 720,maize,Mahindi,True,https://www.tosci.go.tz/seed-varieties?page=60,False
ZMS 721,maize,Mahindi,True,https://www.tosci.go.tz/seed-varieties?page=60,False
ZR8643,maize,Mahindi,True,https://www.tosci.go.tz/seed-varieties?page=60,False
